elo_rank,player,age,elo,helo_rank,helo,celo_rank,celo,gelo_rank,gelo,peak_elo,peak_month,atp_rank,log_diff
1,Jannik Sinner,24.7,2319.8,1,2263.2,1,2215.7,1,2088.3,2339.8,2026-05,1,0
2,Carlos Alcaraz,22.9,2161.8,2,2088.3,2,2101.6,2,2029.2,2308.5,2026-03,2,0
3,Alexander Zverev,29.1,2099.8,3,2041.5,3,2051.1,4,1913.6,2176.5,2022-01,3,0
4,Novak Djokovic,39.0,2059.3,4,2021.7,5,1959.2,3,1924.9,2463.2,2016-05,8,-0.69
5,Arthur Fils,21.8,2020.6,6,1949.7,6,1955.1,14,1796.4,2051.0,2026-04,23,-1.53
6,Rafael Jodar,19.6,1998.6,18,1872.7,8,1948.9,36,1699.3,2014.0,2026-05,26,-1.47
7,Casper Ruud,27.4,1983.1,14,1888.7,4,1973.0,30,1714.8,2071.9,2022-05,12,-0.54
8,Daniil Medvedev,30.3,1977.4,5,1962.3,9,1889.0,7,1855.1,2201.2,2022-01,9,-0.12
9,Lorenzo Musetti,24.1,1968.8,12,1903.5,7,1952.6,8,1850.4,2050.5,2025-05,15,-0.51
10,Alex De Minaur,27.3,1961.0,7,1935.6,12,1869.4,9,1833.9,2053.1,2024-06,6,0.51
11,Ben Shelton,23.6,1960.5,9,1921.7,20,1845.1,5,1863.4,2024.4,2025-08,5,0.79
12,Felix Auger Aliassime,25.8,1957.9,8,1932.2,15,1863.9,15,1789.1,2062.7,2022-10,4,1.10
13,Tommy Paul,29.0,1948.5,16,1881.2,10,1885.5,12,1800.8,2028.8,2025-05,24,-0.61
14,Learner Tien,20.5,1941.1,11,1904.3,27,1821.4,31,1711.3,1977.4,2026-03,18,-0.25
15,Jakub Mensik,20.7,1931.3,13,1892.9,17,1861.1,29,1715.7,1969.6,2026-02,17,-0.13
16,Francisco Cerundolo,27.8,1931.1,17,1880.1,13,1868.4,17,1783.5,1961.6,2025-04,21,-0.27
17,Joao Fonseca,19.8,1927.6,10,1913.7,18,1856.3,42,1686.1,1992.5,2025-03,27,-0.46
18,Jiri Lehecka,24.5,1921.6,15,1882.1,24,1825.5,13,1798.4,1989.9,2025-10,14,0.25
19,Frances Tiafoe,28.3,1918.1,19,1861.5,23,1827.5,10,1823.4,1974.0,2023-06,19,0
20,Raphael Collignon,24.4,1914.9,22,1847.5,25,1823.9,21,1751.5,1924.1,2026-05,43,-0.77
21,Taylor Fritz,28.6,1909.0,23,1838.5,42,1760.9,6,1856.6,2070.2,2025-09,7,1.10
22,Alexander Blockx,21.1,1905.5,32,1793.1,14,1867.9,37,1697.8,1907.2,2026-05,37,-0.52
23,Valentin Vacherot,27.5,1902.6,20,1852.2,33,1788.8,97,1605.3,1929.6,2026-04,20,0.14
24,Andrey Rublev,28.6,1902.2,21,1848.5,11,1872.4,16,1784.4,2122.1,2021-04,13,0.61
25,Flavio Cobolli,24.1,1896.3,29,1809.6,16,1862.4,22,1742.2,1914.6,2026-05,10,0.92
26,Alexander Bublik,28.9,1889.2,24,1836.6,26,1822.4,11,1802.0,1988.6,2026-01,11,0.86
27,Tomas Machac,25.6,1865.9,26,1829.3,38,1782.8,34,1705.9,1972.7,2025-04,47,-0.55
28,Alejandro Davidovich Fokina,27.0,1862.7,27,1827.1,31,1797.8,28,1716.7,1934.8,2025-07,25,0.11
29,Ugo Humbert,27.9,1852.3,25,1835.6,53,1724.4,24,1738.2,2017.7,2024-03,30,-0.03
30,Stefanos Tsitsipas,27.7,1842.7,30,1807.3,19,1845.6,39,1695.4,2145.1,2021-05,88,-1.08
31,Dino Prizmic,20.8,1840.7,57,1733.1,30,1802.8,103,1599.6,1886.5,2026-05,81,-0.96
32,Matteo Arnaldi,25.2,1840.6,53,1737.7,22,1835.7,86,1621.6,1902.9,2024-06,35,-0.09
33,Hamad Medjedovic,22.9,1840.5,49,1744.1,28,1816.3,52,1662.2,1859.9,2026-05,64,-0.66
34,Mariano Navone,25.2,1840.2,72,1701.9,29,1809.1,114,1584.9,1875.9,2024-04,38,-0.11
35,Luciano Darderi,24.2,1839.2,87,1680.6,21,1837.9,87,1620.7,1858.1,2026-05,16,0.78
36,Brandon Nakashima,24.8,1839.0,34,1787.8,46,1734.9,19,1756.7,1909.5,2024-09,31,0.15
37,Alejandro Tabilo,29.0,1832.2,44,1756.3,35,1787.8,38,1697.3,1895.7,2024-07,33,0.11
38,Matteo Berrettini,30.1,1831.4,31,1797.4,32,1790.1,23,1739.0,2065.7,2022-07,49,-0.25
39,Cameron Norrie,30.8,1828.8,33,1789.0,36,1787.7,27,1719.3,2028.6,2022-08,29,0.30
40,Karen Khachanov,30.0,1828.1,36,1782.9,37,1787.3,25,1724.8,2029.5,2018-10,22,0.60
41,Tomas Martin Etcheverry,26.9,1826.7,40,1773.0,39,1774.5,109,1589.4,1871.7,2023-05,32,0.25
42,Ignacio Buse,22.2,1826.1,97,1663.7,34,1788.3,85,1622.7,1844.9,2026-05,34,0.21
43,Alex Michelsen,21.7,1825.0,28,1810.1,70,1694.4,32,1710.1,1904.8,2025-01,42,0.02
44,Sebastian Korda,25.6,1808.6,41,1765.0,85,1669.9,45,1679.0,2020.7,2023-01,61,-0.33
45,Jack Draper,24.3,1807.8,39,1775.2,75,1689.4,61,1653.9,2103.8,2025-04,160,-1.27
46,Gael Monfils,39.7,1803.3,35,1783.5,77,1684.9,62,1651.8,2087.1,2016-10,260,-1.73
47,Kamil Majchrzak,30.4,1801.5,52,1739.7,54,1723.9,18,1757.1,1813.1,2025-10,46,0.02
48,Pablo Carreno Busta,34.8,1800.5,50,1744.0,40,1766.6,104,1598.0,2005.1,2021-08,71,-0.39
49,Marin Cilic,37.7,1800.4,43,1761.5,65,1701.2,20,1756.3,2100.4,2010-02,60,-0.20
50,Hubert Hurkacz,29.3,1798.2,61,1726.5,41,1762.2,35,1699.9,2022.5,2024-06,95,-0.64
51,Eliot Spizzirri,24.4,1796.1,42,1765.0,147,1584.1,75,1630.0,1835.5,2026-02,96,-0.63
52,Arthur Cazaux,23.5,1792.9,54,1737.6,63,1702.8,58,1658.7,1811.9,2025-10,80,-0.43
53,Tallon Griekspoor,29.9,1789.5,37,1776.6,52,1725.8,26,1720.8,1951.8,2025-06,39,0.31
54,Yannick Hanfmann,34.5,1780.6,63,1720.5,44,1741.1,66,1644.6,1843.4,2023-06,55,-0.02
55,Arthur Rinderknech,30.8,1779.9,48,1747.6,60,1712.5,65,1644.9,1871.8,2025-10,28,0.68
56,Juan Manuel Cerundolo,24.5,1778.7,110,1651.6,43,1755.7,176,1506.7,1788.7,2026-05,45,0.22
57,Jaume Munar,29.0,1776.8,47,1748.5,61,1711.1,94,1612.8,1830.4,2025-10,44,0.26
58,Ethan Quinn,22.2,1775.5,45,1752.9,82,1673.9,60,1656.4,1842.9,2026-03,63,-0.08
59,Jordan Thompson,31.7,1772.4,58,1732.6,135,1604.6,33,1708.7,1891.2,2024-12,157,-0.98
60,Denis Shapovalov,27.1,1771.7,38,1775.3,81,1676.6,69,1636.5,1983.2,2020-01,41,0.38
61,Miomir Kecmanovic,26.7,1766.2,70,1707.9,49,1731.7,81,1625.9,1900.6,2022-04,51,0.18
62,Yibing Wu,26.6,1763.2,46,1751.0,79,1680.4,134,1556.3,1882.9,2023-03,99,-0.47
63,Corentin Moutet,27.1,1763.1,55,1736.0,66,1701.2,48,1677.0,1881.9,2025-10,36,0.56
64,Alex Molcan,28.4,1760.7,103,1661.7,50,1731.6,83,1625.0,1872.5,2022-07,102,-0.47
65,Sebastian Baez,25.4,1759.5,69,1708.9,56,1718.4,141,1546.2,1941.4,2022-07,56,0.15
66,Camilo Ugo Carabelli,26.9,1759.2,117,1641.5,45,1740.6,195,1496.2,1771.9,2025-05,57,0.15
67,Holger Rune,22.4,1756.9,62,1724.5,51,1728.7,77,1628.4,2082.0,2023-05,79,-0.16
68,Marton Fucsovics,34.3,1755.6,64,1719.0,76,1685.9,40,1694.7,1924.2,2021-03,76,-0.11
69,Adolfo Daniel Vallejo,22.0,1754.6,194,1527.0,57,1715.5,80,1627.3,1780.4,2026-05,73,-0.06
70,Alexei Popyrin,26.8,1754.5,79,1687.1,48,1733.3,96,1609.4,1902.2,2024-10,100,-0.36
71,Grigor Dimitrov,35.0,1753.9,51,1740.9,92,1659.5,55,1661.7,2111.5,2014-08,164,-0.84
72,Fabian Marozsan,26.6,1751.5,59,1730.3,68,1699.3,113,1585.2,1867.2,2024-04,62,0.15
73,Benjamin Bonzi,29.9,1749.6,66,1713.2,121,1621.9,46,1678.1,1835.8,2022-06,93,-0.24
74,Reilly Opelka,28.7,1748.9,56,1733.8,98,1644.0,73,1634.6,1927.5,2022-04,109,-0.39
75,Thiago Agustin Tirante,25.1,1748.6,119,1639.9,55,1718.8,126,1562.8,1759.1,2026-05,54,0.33
76,Zizou Bergs,27.0,1748.0,60,1727.0,88,1666.5,90,1618.7,1859.2,2025-03,48,0.46
77,Rinky Hijikata,25.3,1747.2,77,1693.5,152,1577.0,43,1681.6,1756.2,2026-06,83,-0.08
78,Juncheng Shang,21.0,1745.8,74,1698.4,104,1640.2,63,1650.8,1895.7,2024-09,264,-1.22
79,Nuno Borges,29.3,1745.7,71,1702.5,59,1714.2,99,1603.3,1843.6,2025-03,53,0.40
80,Soon Woo Kwon,28.5,1744.9,65,1715.9,118,1625.6,110,1589.2,1830.7,2023-01,202,-0.93
81,Botic Van De Zandschulp,30.6,1743.5,68,1710.8,73,1690.6,105,1595.4,1938.0,2022-09,52,0.44
82,Martin Landaluce,20.4,1742.5,78,1692.7,91,1662.3,53,1661.9,1764.1,2026-05,58,0.35
83,Daniel Merida Aguilar,21.7,1741.7,92,1674.6,69,1698.2,135,1555.8,1798.1,2026-05,85,-0.02
84,Giovanni Mpetshi Perricard,22.9,1737.0,93,1671.4,83,1672.4,56,1661.2,1862.8,2024-12,84,0
85,Daniel Altmaier,27.7,1736.3,107,1652.7,71,1694.1,89,1618.8,1789.1,2021-08,59,0.37
86,Marcos Giron,32.8,1736.0,67,1713.2,127,1612.8,57,1659.7,1874.1,2025-03,86,0
87,Pablo Llamas Ruiz,23.6,1733.6,129,1618.8,62,1709.6,131,1558.0,1763.0,2026-05,119,-0.31
88,Roman Safiullin,28.8,1732.0,76,1694.7,47,1733.4,91,1617.9,1911.3,2024-01,127,-0.37
89,Zachary Svajda,23.5,1730.1,75,1696.0,140,1595.1,47,1677.4,1794.0,2026-02,69,0.25
90,Mattia Bellucci,25.0,1729.6,81,1682.5,125,1614.5,49,1675.3,1814.3,2024-10,65,0.33
91,Vit Kopriva,28.9,1726.2,99,1663.5,72,1692.7,111,1588.5,1760.5,2025-05,68,0.29
92,Roman Andres Burruchaga,24.3,1724.2,175,1551.2,67,1700.5,117,1577.8,1764.5,2026-04,66,0.33
93,Arthur Fery,23.9,1722.3,80,1685.3,159,1561.0,100,1602.9,1751.3,2026-03,118,-0.24
94,Bu Yunchaokete,24.3,1721.6,112,1650.4,117,1627.5,67,1644.4,1834.9,2024-09,107,-0.13
95,Nishesh Basavareddy,21.0,1721.5,88,1680.5,110,1634.2,143,1544.1,1856.6,2025-01,133,-0.34
96,Martin Damm,22.7,1719.3,98,1663.6,161,1559.8,51,1666.7,1767.9,1999-11,105,-0.09
97,Otto Virtanen,24.9,1719.0,86,1680.8,171,1549.3,41,1694.2,1768.8,2024-03,137,-0.35
98,Terence Atmane,24.4,1718.4,85,1681.0,107,1635.3,127,1562.6,1763.0,2026-05,50,0.67
99,Titouan Droguet,24.9,1717.5,113,1650.3,78,1680.8,74,1630.5,1736.6,2026-06,115,-0.15
100,Quentin Halys,29.6,1715.2,83,1681.1,86,1668.4,79,1627.6,1811.4,2023-04,101,-0.01
101,Lorenzo Sonego,31.0,1714.9,73,1699.3,112,1632.5,72,1634.9,1895.3,2021-05,72,0.34
102,Kei Nishikori,36.3,1714.0,90,1680.3,130,1609.5,107,1591.1,2194.2,2016-08,715,-1.95
103,Sebastian Ofner,30.0,1713.1,106,1654.7,80,1680.3,70,1635.2,1812.7,2024-01,111,-0.07
104,Jesper De Jong,26.0,1707.0,137,1605.1,64,1701.5,152,1534.5,1741.0,2025-10,74,0.34
105,Laslo Djere,31.0,1704.7,130,1616.9,58,1715.3,119,1575.0,1854.6,2023-09,213,-0.71
106,Gustavo Heide,24.2,1703.0,185,1539.6,74,1690.3,161,1521.0,1703.0,2026-06,138,-0.26
107,Luca Van Assche,22.0,1700.7,82,1681.2,106,1638.2,136,1555.2,1801.5,2023-04,82,0.27
108,Roberto Bautista Agut,38.1,1700.2,94,1668.2,105,1639.7,54,1661.8,2033.8,2016-02,163,-0.41
109,Emilio Nava,24.5,1700.2,128,1619.2,84,1670.1,120,1573.9,1738.2,2025-09,87,0.23
110,Jaime Faria,22.8,1696.2,144,1595.6,87,1667.8,98,1604.3,1718.2,2026-05,97,0.13
111,Francisco Comesana,25.6,1694.8,116,1641.8,95,1656.0,128,1560.3,1761.9,2025-08,90,0.21
112,Leandro Riedi,24.3,1693.1,91,1675.3,146,1587.3,82,1625.8,1823.3,2023-01,116,-0.04
113,Gabriel Diallo,24.7,1692.5,95,1666.6,123,1617.3,78,1627.7,1889.2,2025-06,91,0.22
114,Adam Walton,27.1,1691.8,100,1663.2,183,1537.4,192,1497.8,1747.1,2025-04,92,0.21
115,Jan Lennard Struff,36.1,1691.5,122,1632.9,94,1658.0,84,1623.1,1935.1,2024-07,77,0.40
116,Jenson Brooksby,25.6,1690.9,89,1680.5,133,1605.7,76,1629.4,2005.3,2022-03,67,0.55
117,Alexander Shevchenko,25.5,1689.3,108,1652.7,109,1634.5,209,1487.4,1792.0,2024-02,98,0.18
118,Yoshihito Nishioka,30.3,1688.7,104,1659.2,122,1618.3,148,1539.9,1884.7,2023-01,182,-0.43
119,Andrea Vavassori,30.9,1688.1,105,1655.0,101,1642.3,149,1538.1,1734.8,2023-04,558,-1.55
120,Nikoloz Basilashvili,34.3,1684.6,132,1614.9,96,1651.9,93,1614.2,1889.8,2019-01,112,0.07
121,Jason Kubler,32.7,1684.5,121,1635.3,124,1615.7,44,1679.3,1790.0,2022-07,469,-1.35
122,Christopher Oconnell,32.0,1682.9,102,1661.8,150,1579.5,88,1618.9,1814.1,2025-03,123,-0.01
123,Borna Gojo,28.1,1682.4,101,1661.9,103,1640.7,230,1467.9,1800.2,2023-10,181,-0.39
124,Zhizhen Zhang,29.6,1680.7,118,1641.4,111,1632.6,68,1640.1,1830.9,2024-09,162,-0.27
125,Sho Shimabukuro,28.8,1680.3,135,1610.0,199,1521.2,59,1656.9,1692.5,2023-09,89,0.34
126,Adrian Mannarino,37.9,1679.6,111,1650.5,228,1490.8,50,1667.4,1896.3,2018-01,40,1.15
127,Stan Wawrinka,41.1,1677.9,96,1663.8,128,1612.5,108,1589.8,2145.5,2016-01,110,0.14
128,Zsombor Piros,26.6,1674.4,120,1636.0,108,1635.1,130,1559.2,1731.0,2023-04,172,-0.30
129,Henrique Rocha,22.1,1671.9,155,1572.4,90,1663.8,167,1515.9,1690.3,2026-06,122,0.06
130,Lloyd Harris,29.2,1670.0,115,1642.8,153,1569.7,95,1610.2,1896.0,2021-10,161,-0.21
131,Cristian Garin,29.9,1666.9,156,1572.1,93,1658.7,92,1617.3,1889.6,2019-04,124,0.05
132,David Goffin,35.3,1666.6,127,1626.4,99,1643.1,64,1650.1,2048.7,2017-04,240,-0.60
133,Alexandre Muller,29.3,1664.5,124,1630.3,116,1628.4,166,1516.3,1801.7,2025-05,125,0.06
134,Kyrian Jacquet,25.0,1663.6,109,1652.3,172,1549.1,101,1601.6,1735.1,2025-02,136,-0.01
135,Facundo Diaz Acosta,25.4,1653.5,202,1519.6,97,1646.9,239,1462.7,1791.9,2024-02,120,0.12
136,Toby Samuel,23.7,1650.2,84,1681.1,208,1507.0,180,1505.2,1787.0,2026-04,142,-0.04
137,Valentin Royer,24.9,1649.7,149,1589.5,129,1610.4,102,1600.6,1800.2,2025-10,75,0.60
138,Nicolas Jarry,30.5,1648.3,154,1573.5,102,1641.5,71,1635.2,1903.0,2023-10,211,-0.42
139,Dalibor Svrcina,23.7,1647.8,125,1628.4,148,1584.0,198,1492.9,1712.9,2025-04,113,0.21
140,Andrea Pellegrino,29.1,1645.7,311,1407.8,115,1628.5,272,1444.7,1653.1,2026-06,131,0.07
141,Michael Zheng,22.3,1645.5,114,1646.6,293,1423.9,206,1489.9,1777.3,2025-09,143,-0.01
142,Aleksandar Kovacevic,27.7,1645.3,131,1615.6,155,1567.6,203,1490.5,1758.8,2024-04,70,0.71
143,Marco Trungelliti,36.3,1644.7,217,1505.1,114,1629.6,205,1490.2,1693.1,2018-07,94,0.42
144,Patrick Kypson,26.5,1640.5,133,1611.2,166,1554.7,215,1482.5,1732.4,2026-01,114,0.23
145,James Duckworth,34.3,1640.1,143,1598.0,151,1578.6,129,1560.1,1785.9,2021-11,78,0.62
146,Stefanos Sakellaridis,21.7,1638.9,159,1570.2,113,1629.6,125,1563.2,1657.0,2026-05,146,0
147,Chris Rodesch,24.9,1637.6,123,1631.2,158,1563.2,124,1565.2,1768.5,2026-02,179,-0.20
148,Jan Choinski,30.0,1635.6,180,1546.0,120,1622.6,291,1433.7,1669.3,2025-11,106,0.33
149,Nicolai Budkov Kjaer,19.7,1632.5,138,1604.1,142,1594.4,216,1482.5,1749.3,2025-10,121,0.21
150,Rei Sakamoto,19.9,1628.8,141,1600.1,177,1541.9,221,1478.0,1676.6,2026-02,148,0.01
151,Dusan Lajovic,35.9,1628.1,168,1562.6,139,1597.6,200,1491.6,1854.6,2018-10,153,-0.01
152,Elmer Moller,22.8,1627.8,224,1493.3,126,1613.5,146,1543.0,1741.1,2025-04,149,0.02
153,Roberto Carballes Baena,33.2,1627.1,147,1590.0,131,1608.6,185,1503.3,1788.1,2024-07,166,-0.08
154,Damir Dzumhur,34.0,1627.0,148,1590.0,145,1588.5,156,1526.8,1895.8,2017-09,104,0.39
155,Aleksandar Vukic,30.1,1623.5,146,1593.9,204,1512.2,116,1578.6,1773.3,2025-01,103,0.41
156,Giulio Zeppieri,24.3,1621.9,150,1589.0,156,1565.7,115,1578.9,1691.2,2022-07,195,-0.22
157,Hugo Gaston,25.6,1621.0,126,1627.5,157,1565.5,173,1508.6,1795.1,2021-11,117,0.29
158,Tomas Barrios Vera,28.4,1620.2,171,1555.0,141,1594.9,123,1565.3,1710.3,2023-07,135,0.16
159,Hugo Dellien,32.9,1620.1,237,1477.1,132,1607.2,224,1470.8,1779.8,2022-05,165,-0.04
160,Luka Mikrut,22.1,1618.5,260,1453.9,100,1643.0,171,1509.2,1735.4,2025-10,176,-0.10
161,Mackenzie Mcdonald,31.1,1618.2,134,1610.5,231,1486.7,139,1547.5,1847.6,2023-03,144,0.11
162,Kilian Feldbausch,20.7,1618.0,322,1401.9,136,1599.2,172,1509.0,1648.3,2026-06,279,-0.54
163,Jerome Kym,23.3,1616.6,140,1600.2,174,1548.8,190,1499.7,1738.0,2024-10,197,-0.19
164,Michael Mmoh,28.4,1613.0,142,1599.4,206,1508.2,188,1502.1,1762.3,2017-02,194,-0.17
165,Dhakshineswar Suresh,25.8,1610.6,166,1563.4,305,1415.3,179,1505.3,1616.6,2025-10,477,-1.06
166,Carlos Taberner,28.4,1610.3,269,1445.0,134,1604.7,292,1433.4,1725.0,2021-10,196,-0.17
167,Lukas Neumayer,23.7,1608.1,242,1473.8,144,1591.8,246,1459.7,1633.6,2026-05,170,-0.02
168,Francesco Passaro,25.4,1606.9,161,1568.9,143,1593.7,245,1459.8,1779.0,2022-08,190,-0.12
169,Emil Ruusuvuori,26.6,1606.1,153,1576.8,162,1558.3,118,1576.4,1893.2,2023-06,777,-1.53
170,Coleman Wong,22.0,1605.8,145,1594.6,285,1429.9,214,1483.1,1730.8,2026-02,108,0.45
171,Jurij Rodionov,27.0,1605.8,163,1568.8,182,1539.3,122,1570.3,1702.1,2023-06,139,0.21
172,Daniel Evans,36.0,1604.6,160,1570.2,195,1524.6,106,1592.1,1902.5,2021-04,297,-0.55
173,Clement Tabur,26.3,1604.0,158,1571.4,173,1549.0,220,1478.8,1632.3,2026-06,191,-0.10
174,Liam Broady,32.4,1601.3,151,1582.6,216,1500.3,169,1509.7,1757.4,2022-03,210,-0.19
175,Lukas Klein,27.8,1601.1,188,1535.1,119,1623.9,132,1557.2,1777.5,2024-03,177,-0.01
176,Jacob Fearnley,24.8,1600.4,165,1565.1,137,1598.5,140,1546.6,1910.0,2024-10,152,0.15
177,Mark Lajal,23.0,1597.9,169,1560.8,225,1494.2,137,1550.7,1685.3,2025-07,167,0.06
178,Alex Bolt,33.4,1596.9,182,1545.2,291,1425.4,121,1573.7,1688.9,2019-03,151,0.16
179,Arthur Gea,21.4,1596.8,136,1609.7,200,1521.1,177,1505.5,1722.1,2026-03,132,0.30
180,Pavel Kotov,27.5,1596.8,139,1601.0,192,1529.2,186,1502.4,1797.1,2024-05,249,-0.32
181,Harry Wendelken,24.4,1594.9,152,1581.7,335,1382.5,178,1505.4,1641.5,2026-04,203,-0.11
182,Matteo Gigante,23.7,1591.8,189,1533.6,138,1598.0,254,1457.1,1709.5,2025-05,521,-1.05
183,Pierre Hugues Herbert,35.2,1591.6,162,1568.9,207,1507.6,133,1556.7,1867.9,2019-06,250,-0.31
184,Facundo Bagnis,35.5,1590.7,208,1512.9,149,1583.8,438,1363.2,1737.0,2021-07,440,-0.87
185,Liam Draxl,24.4,1588.7,167,1563.3,219,1496.0,257,1455.1,1699.6,2025-07,158,0.16
186,Alexis Galarneau,27.2,1588.5,179,1546.1,259,1459.1,151,1536.1,1631.5,2024-04,184,0.01
187,Filip Misolic,24.5,1587.2,249,1469.3,89,1663.9,154,1531.3,1829.4,2025-07,221,-0.17
188,Luca Nardi,22.8,1585.1,157,1571.8,185,1535.9,330,1415.0,1724.6,2024-04,169,0.11
189,Max Alcala Gurri,23.7,1583.8,337,1389.2,154,1567.9,199,1491.9,1583.8,2026-06,234,-0.21
190,Vitaliy Sachko,28.9,1583.5,240,1474.9,168,1552.7,284,1438.5,1643.5,2023-07,199,-0.05
191,Federico Cina,19.1,1582.8,170,1559.5,181,1539.6,202,1491.4,1644.2,2025-06,180,0.06
192,Harold Mayot,24.3,1580.8,173,1553.0,160,1560.0,183,1504.5,1701.9,2024-06,201,-0.05
193,Jack Kennedy,,1580.6,308,1410.5,165,1555.7,204,1490.3,1606.1,2026-04,414,-0.76
194,Colton Smith,23.2,1578.0,164,1565.9,258,1459.1,145,1543.2,1837.6,2025-06,188,0.03
195,Remy Bertola,27.7,1576.7,196,1526.6,241,1472.9,150,1536.4,1591.2,2026-06,187,0.04
196,Stefano Travaglia,34.4,1571.5,186,1539.6,189,1533.7,258,1452.8,1793.8,2021-02,130,0.41
197,Joel Schwaerzler,20.3,1570.2,205,1516.1,186,1535.6,211,1485.1,1660.8,2026-04,174,0.12
198,Vilius Gaubas,21.4,1569.3,172,1553.7,202,1518.3,160,1523.4,1718.5,2025-05,129,0.43
199,Hynek Barton,22.1,1569.2,213,1508.8,187,1534.8,212,1484.6,1586.3,2026-06,254,-0.24
200,Moise Kouame,17.2,1568.2,177,1549.3,290,1426.0,213,1484.1,1579.4,2026-05,216,-0.08
201,Thiago Monteiro,31.9,1567.7,190,1532.7,167,1553.6,225,1470.7,1748.2,2024-05,286,-0.35
202,Taro Daniel,33.3,1566.4,210,1511.5,179,1540.7,217,1480.9,1766.8,2023-04,204,-0.01
203,Marco Cecchinato,33.7,1566.2,272,1441.4,184,1536.5,293,1433.4,1838.6,2018-07,159,0.24
204,Pedro Martinez,29.1,1566.0,181,1545.2,180,1540.3,274,1444.4,1844.3,2022-04,134,0.42
205,Gauthier Onclin,25.2,1565.7,174,1551.3,220,1495.8,175,1506.8,1591.3,2023-07,183,0.11
206,Chun Hsin Tseng,24.8,1561.6,220,1498.8,170,1549.8,341,1409.0,1715.6,2022-04,223,-0.08
207,Tristan Boyer,25.1,1561.0,197,1525.0,176,1544.5,310,1423.1,1753.1,2025-01,193,0.07
208,Nikolas Sanchez Izquierdo,27.2,1561.0,410,1331.4,190,1530.9,218,1480.5,1586.5,2026-06,215,-0.03
209,Pol Martin Tiffon,26.8,1560.9,183,1544.6,209,1506.2,267,1447.7,1587.3,2026-05,219,-0.05
210,Jack Pinnington Jones,23.2,1560.7,176,1549.3,268,1448.7,142,1545.1,1685.0,2026-02,145,0.37
211,Buvaysar Gadamauri,25.9,1558.2,250,1463.9,194,1525.6,219,1479.1,1592.8,2026-05,253,-0.18
212,Mikhail Kukushkin,38.4,1557.8,193,1528.8,198,1521.5,157,1526.7,1864.2,2010-10,304,-0.36
213,Cedrik Marcel Stebe,35.3,1556.4,199,1523.2,175,1544.9,237,1463.3,1824.7,2017-09,344,-0.48
214,Hugo Grenier,30.2,1555.1,195,1526.7,300,1419.0,243,1461.6,1734.0,2022-09,224,-0.05
215,Elias Ymer,30.1,1554.2,192,1530.4,213,1502.1,181,1504.9,1751.8,2015-06,185,0.15
216,Timofey Skatov,25.3,1554.1,230,1484.4,178,1541.5,207,1489.1,1672.0,2024-07,178,0.19
217,Yosuke Watanuki,28.1,1552.3,187,1536.4,217,1499.9,147,1543.0,1798.2,2023-05,288,-0.28
218,Kimmer Coppejans,32.3,1552.3,244,1473.4,196,1524.6,248,1459.6,1697.0,2015-04,222,-0.02
219,Darwin Blanch,18.6,1551.4,232,1483.2,226,1493.5,253,1457.8,1610.4,2026-04,225,-0.03
220,August Holmgren,28.1,1550.7,212,1508.9,249,1466.0,112,1586.7,1677.9,2021-09,141,0.44
221,Tristan Schoolkate,25.2,1550.4,206,1515.2,272,1443.8,153,1533.9,1703.1,2025-07,147,0.41
222,Rio Noguchi,27.4,1546.5,201,1519.9,412,1320.8,350,1405.4,1588.0,2026-04,214,0.04
223,James Mccabe,22.9,1545.8,228,1488.3,393,1336.4,144,1543.7,1584.1,2025-03,207,0.07
224,Andrea Guerrieri,27.5,1545.4,331,1393.7,205,1509.9,222,1472.7,1592.2,2026-06,229,-0.02
225,Federico Coria,34.2,1545.3,261,1453.3,197,1524.3,410,1374.3,1754.4,2021-07,887,-1.37
226,David Jorda Sanchis,31.9,1544.6,401,1334.1,169,1550.5,294,1433.4,1544.6,2026-06,186,0.19
227,Edas Butvilas,21.8,1544.4,219,1499.1,214,1501.1,255,1456.1,1672.0,2024-09,226,0
228,Andre Ilagan,25.5,1543.9,203,1518.6,336,1382.0,223,1472.0,1556.5,2026-06,258,-0.12
229,Stefano Napolitano,31.1,1538.7,252,1461.9,188,1533.9,208,1488.2,1662.1,2024-05,241,-0.05
230,Henry Searle,20.2,1538.2,299,1417.4,329,1387.2,138,1549.3,1538.2,2026-06,263,-0.13
231,Ilya Ivashka,32.2,1538.0,211,1509.1,164,1556.6,164,1516.4,1922.5,2021-09,541,-0.85
232,Lautaro Midon,22.1,1538.0,257,1457.3,201,1520.9,227,1469.0,1556.6,2026-06,227,0.02
233,Brandon Holt,27.7,1536.8,215,1507.1,376,1353.7,174,1507.0,1725.5,2025-02,434,-0.62
234,Dali Blanch,23.2,1536.6,454,1285.4,191,1529.5,228,1468.3,1568.1,2026-06,289,-0.21
235,Maxim Mrva,18.8,1536.0,200,1521.4,232,1483.9,163,1518.0,1619.4,2025-03,290,-0.21
236,Francesco Maestrelli,23.4,1534.7,178,1549.2,248,1466.5,362,1399.2,1711.4,2022-07,128,0.61
237,Dominic Stricker,23.7,1533.1,214,1508.7,240,1474.4,155,1530.0,1798.6,2021-06,348,-0.38
238,Jacopo Vasami,18.5,1532.3,395,1339.8,218,1499.2,232,1466.2,1560.6,2026-06,335,-0.34
239,Daniel Elahi Galan,29.9,1529.2,221,1496.6,227,1491.0,201,1491.6,1757.5,2022-09,294,-0.21
240,Tom Gentzsch,22.7,1528.7,243,1473.8,221,1495.8,234,1464.0,1601.2,2026-04,217,0.10
241,Alexander Ritschard,31.7,1528.0,259,1454.4,163,1557.1,226,1469.4,1695.9,2024-07,576,-0.87
242,Gianluca Cadenasso,21.6,1527.9,358,1374.0,211,1504.4,235,1464.0,1578.5,2026-04,,
243,Clement Chidekh,25.0,1527.7,191,1530.6,343,1377.3,317,1419.5,1695.5,2024-03,205,0.17
244,Rodrigo Pacheco Mendez,20.9,1526.5,229,1486.9,256,1459.8,238,1463.2,1543.3,2026-04,341,-0.33
245,Petr Brunclik,19.9,1525.5,254,1459.2,244,1469.3,240,1462.7,1565.2,2026-06,337,-0.32
246,Alejandro Moro Canas,25.5,1523.7,204,1517.3,236,1478.3,210,1485.2,1673.5,2024-07,233,0.05
247,Christopher Eubanks,29.4,1523.4,225,1493.0,306,1414.6,159,1524.2,1864.8,2023-07,638,-0.95
248,Daniel Rincon,23.4,1521.0,207,1513.5,243,1469.4,419,1370.8,1613.8,2023-09,256,-0.03
249,Andres Andrade,27.4,1518.0,277,1433.3,215,1500.8,249,1459.0,1584.8,2024-08,251,-0.01
250,Igor Ribeiro Marcondes,28.7,1517.1,283,1429.3,210,1504.7,250,1458.5,1649.4,2026-01,329,-0.27
251,Filippo Romano,20.8,1515.6,209,1511.9,358,1364.9,187,1502.3,1534.7,2026-06,301,-0.18
252,Ugo Blanchet,27.3,1515.5,184,1543.2,280,1433.4,356,1401.5,1662.1,2025-08,173,0.38
253,Billy Harris,31.3,1515.5,238,1476.4,338,1379.7,162,1519.7,1711.4,2024-06,140,0.59
254,Diego Dedura Palomero,18.2,1513.9,407,1332.4,203,1515.8,316,1419.9,1565.8,2026-06,262,-0.03
255,Juan Carlos Prado Angelo,21.2,1510.8,342,1386.0,212,1503.8,256,1455.4,1611.6,2025-10,156,0.49
256,Henri Squire,25.7,1509.1,256,1458.3,229,1488.5,428,1368.0,1670.0,2024-06,235,0.09
257,Marc Andrea Huesler,29.9,1508.8,226,1491.9,234,1482.5,233,1466.2,1817.0,2023-02,311,-0.19
258,Max Schoenhaus,18.8,1506.7,291,1422.8,252,1464.5,354,1402.4,1546.2,2026-06,338,-0.27
259,Genaro Alberto Olivieri,27.8,1506.1,368,1362.2,235,1482.4,400,1378.0,1585.6,2023-07,200,0.26
260,Arthur Bouquier,25.1,1505.4,233,1482.0,397,1332.6,280,1440.2,1732.0,2025-03,631,-0.89
261,Fajing Sun,29.6,1505.0,236,1477.8,456,1284.1,298,1431.5,1555.0,2026-05,261,0
262,Inaki Montes De La Torre,23.5,1503.5,234,1480.9,297,1421.7,259,1451.7,1529.0,2025-02,312,-0.17
263,Philip Henning,25.5,1502.7,216,1505.2,342,1377.3,189,1501.4,1559.8,2021-09,252,0.04
264,Jay Dylan Hara Friend,22.4,1502.7,235,1480.2,373,1356.2,260,1451.4,1581.8,2025-10,404,-0.43
265,Hamish Stewart,26.8,1502.7,245,1473.4,364,1361.4,168,1512.6,1602.2,2025-08,305,-0.14
266,Ilia Simakin,22.6,1502.6,198,1524.5,410,1322.1,261,1451.3,1679.7,2026-02,302,-0.13
267,Guy Den Ouden,24.1,1502.0,391,1341.9,224,1494.3,336,1411.4,1722.8,2025-08,242,0.10
268,Yu Hsiou Hsu,27.2,1501.9,239,1475.1,295,1423.4,418,1370.9,1648.0,2023-11,206,0.26
269,Zdenek Kolar,29.6,1501.5,285,1429.1,230,1488.3,268,1447.4,1621.1,2021-09,154,0.56
270,Cezar Cretu,25.0,1500.4,275,1435.7,253,1463.1,262,1450.2,1542.7,2026-05,287,-0.06
271,Giles Hussey,28.9,1499.0,241,1474.7,366,1359.5,335,1411.6,1527.6,2026-06,293,-0.08
272,Mili Poljicak,21.8,1493.1,434,1307.6,254,1462.8,338,1410.7,1537.4,2026-03,345,-0.24
273,Franco Roncadelli,26.3,1493.0,357,1375.4,237,1477.1,269,1446.5,1552.8,2026-05,243,0.12
274,Raul Brancaccio,29.1,1491.8,294,1421.6,250,1464.9,328,1415.5,1644.9,2023-01,248,0.10
275,Andrej Nedic,21.6,1491.7,296,1420.5,233,1482.7,196,1495.9,1566.0,2026-05,277,-0.01
276,Thiago Seyboth Wild,26.2,1491.6,222,1495.8,239,1474.9,252,1457.9,1793.4,2024-05,292,-0.06
277,Felix Gill,24.0,1490.4,218,1499.3,330,1386.2,342,1408.3,1531.5,2026-02,220,0.23
278,Oliver Tarvet,22.6,1488.9,253,1459.8,223,1494.5,184,1504.2,1735.2,2025-08,349,-0.23
279,Gilles Arnaud Bailly,20.7,1488.7,251,1463.4,265,1453.5,197,1494.3,1665.9,2026-01,208,0.29
280,Hyeon Chung,29.9,1488.4,255,1459.1,193,1525.7,361,1400.1,1991.8,2018-03,548,-0.67
281,Li Tu,29.9,1487.9,248,1471.1,349,1370.4,165,1516.4,1633.5,2022-10,421,-0.40
282,Nerman Fatic,31.5,1487.2,306,1412.7,242,1471.1,241,1461.9,1584.4,2023-07,375,-0.29
283,Stefan Dostanic,24.5,1485.4,227,1491.5,319,1399.5,276,1442.7,1604.9,2026-04,266,0.06
284,Shintaro Mochizuki,23.0,1485.4,282,1430.3,264,1454.1,158,1524.9,1714.9,2025-10,150,0.64
285,Daniil Glinka,26.0,1485.0,223,1494.7,276,1438.4,285,1436.3,1687.5,2026-02,171,0.51
286,Sumit Nagal,28.8,1485.0,268,1447.0,238,1476.4,409,1375.0,1745.2,2019-09,285,0
287,Trevor Svajda,20.0,1484.9,266,1450.5,379,1352.4,277,1442.4,1625.4,2025-09,470,-0.49
288,Antoine Ghibaudo,21.2,1484.9,312,1407.1,251,1464.7,182,1504.7,1518.9,2025-09,303,-0.05
289,Nicolas Mejia,26.3,1482.5,288,1426.6,222,1495.4,271,1445.0,1582.4,2026-04,168,0.54
290,Nick Hardt,25.7,1482.3,297,1418.2,245,1469.3,275,1442.9,1619.6,2024-05,270,0.07
291,Joao Lucas Reis Da Silva,26.2,1481.5,373,1357.1,247,1466.7,278,1440.7,1531.3,2025-11,236,0.21
292,Frederico Ferreira Silva,31.2,1479.3,231,1483.8,303,1416.0,242,1461.9,1642.4,2021-05,230,0.24
293,Enrico Dalla Valle,28.2,1478.9,332,1393.6,260,1456.9,282,1439.4,1543.6,2024-07,363,-0.21
294,Dane Sweeny,25.3,1477.5,265,1452.2,434,1304.0,422,1370.2,1645.7,2026-02,126,0.85
295,Felipe Meligeni Alves,28.1,1477.4,292,1421.9,246,1468.5,193,1497.2,1695.3,2023-10,806,-1.01
296,Max Houkes,25.9,1475.7,429,1312.5,257,1459.7,382,1391.4,1527.7,2026-04,231,0.25
297,Max Hans Rehberg,22.7,1474.9,246,1472.4,320,1399.0,421,1370.4,1575.0,2025-02,510,-0.54
298,Bernard Tomic,33.6,1474.1,273,1441.0,299,1419.5,194,1497.0,1947.4,2015-03,189,0.46
299,Gonzalo Bueno,22.1,1472.4,438,1304.8,261,1455.9,286,1436.2,1602.2,2025-11,175,0.54
300,Norbert Gombos,35.8,1472.1,264,1452.2,262,1455.3,325,1417.5,1753.2,2020-11,365,-0.20
301,Yi Zhou,21.2,1470.9,263,1452.4,422,1316.0,231,1466.5,1610.1,2026-01,239,0.23
302,Andrej Martin,36.7,1469.9,359,1372.7,271,1443.9,469,1347.3,1674.7,2014-08,400,-0.28
303,Pedro Boscardin Dias,23.3,1469.3,472,1267.0,266,1453.2,290,1434.7,1532.2,2026-04,244,0.22
304,Duje Ajdukovic,25.3,1467.5,258,1455.7,269,1446.6,468,1347.7,1687.6,2024-09,283,0.07
305,Mika Brunold,21.6,1465.8,270,1443.2,312,1406.6,295,1432.9,1510.9,2025-07,405,-0.28
306,Mees Rottgering,18.9,1465.7,267,1447.9,277,1437.7,265,1448.7,1495.6,2026-02,475,-0.44
307,Oriol Roca Batalla,33.1,1464.6,340,1387.3,275,1440.2,372,1393.5,1554.6,2024-06,316,-0.03
308,Alexander Vasilev,19.0,1463.5,392,1341.7,301,1417.3,297,1431.7,1531.6,2026-03,610,-0.68
309,Franco Agamenone,33.1,1463.2,381,1351.3,273,1443.4,446,1360.6,1707.6,2021-10,265,0.15
310,Yasutaka Uchiyama,33.8,1462.8,281,1430.7,385,1347.5,326,1417.4,1727.5,2019-10,327,-0.05
311,Mitchell Krueger,32.3,1460.7,276,1435.5,288,1427.1,308,1423.5,1653.6,2022-04,350,-0.12
312,Radu Albot,36.5,1460.6,279,1432.8,267,1451.0,191,1499.2,1823.4,2019-05,441,-0.35
313,Jay Clarke,27.8,1459.8,295,1421.5,294,1423.5,447,1360.5,1617.4,2018-07,245,0.24
314,Marko Topo,22.7,1459.4,247,1471.3,317,1399.9,283,1438.9,1663.9,2022-04,364,-0.15
315,Christoph Negritu,31.9,1458.7,290,1423.4,287,1428.7,301,1429.3,1540.2,2024-11,454,-0.37
316,Javier Barranco Cosano,27.2,1457.4,325,1398.9,274,1441.3,296,1432.7,1581.0,2024-07,423,-0.29
317,Matej Dodig,20.8,1455.8,317,1404.1,286,1429.1,302,1427.9,1601.7,2024-09,209,0.42
318,Beibit Zhukayev,25.5,1455.4,323,1401.7,340,1378.6,170,1509.7,1640.2,2023-11,319,0
319,Laurent Lokoli,31.6,1454.7,314,1406.7,270,1444.0,244,1460.7,1608.2,2023-07,478,-0.40
320,Mats Rosenkranz,27.4,1453.5,289,1424.3,413,1320.2,364,1398.4,1503.3,2025-10,352,-0.10
321,Andrew Paulson,24.3,1452.4,376,1355.8,289,1426.8,304,1426.2,1560.3,2024-08,600,-0.63
322,Felix Balshaw,20.0,1452.0,386,1348.0,283,1430.9,305,1426.0,1516.0,2026-06,320,0.01
323,George Loffhagen,25.0,1451.8,274,1439.8,437,1301.0,343,1408.2,1649.0,2025-07,276,0.16
324,Alvaro Guillen Meza,23.4,1451.2,476,1262.7,292,1425.1,348,1405.6,1627.0,2025-11,267,0.19
325,Benjamin Hassan,31.2,1450.6,326,1397.8,263,1454.3,311,1422.1,1680.2,2023-10,438,-0.30
326,Calvin Hemery,31.3,1450.1,333,1392.8,255,1461.9,402,1377.2,1651.1,2015-06,282,0.14
327,Eliakim Coulibaly,24.1,1449.7,262,1452.9,382,1348.4,306,1424.8,1537.1,2025-05,313,0.04
328,Oliver Crawford,27.1,1448.9,303,1415.0,341,1378.2,247,1459.7,1580.7,2023-10,232,0.35
329,Dimitar Kuzmanov,32.8,1447.9,278,1432.9,308,1412.3,320,1418.8,1640.1,2021-05,443,-0.30
330,Yuta Shimizu,26.9,1447.1,300,1417.4,428,1309.6,300,1430.2,1590.8,2024-05,357,-0.08
331,Alex Martinez,25.1,1443.1,356,1375.5,296,1422.2,313,1421.6,1501.5,2024-07,317,0.04
332,Guido Ivan Justo,28.4,1442.7,435,1307.0,281,1432.5,314,1421.3,1500.8,2026-02,238,0.33
333,Johannus Monday,24.3,1442.6,298,1417.6,400,1331.3,431,1365.2,1559.8,2026-01,295,0.12
334,Matias Soto,27.1,1442.4,405,1333.1,279,1433.9,315,1421.2,1487.5,2026-04,300,0.11
335,Luka Pavlovic,26.1,1441.4,284,1429.3,316,1399.9,266,1448.6,1635.0,2025-07,218,0.43
336,Ryan Peniston,30.2,1441.0,321,1402.0,371,1356.5,281,1440.0,1723.2,2022-06,386,-0.14
337,Juan Pablo Varillas,30.5,1440.1,374,1356.8,284,1430.9,466,1348.2,1730.0,2021-10,309,0.09
338,Lilian Marmousez,24.3,1438.3,336,1389.6,307,1412.7,318,1419.2,1522.8,2026-01,308,0.09
339,Martin Krumich,23.4,1437.1,384,1349.4,315,1400.2,322,1418.5,1513.5,2026-05,280,0.19
340,Manas Dhamne,18.4,1436.1,307,1412.0,323,1393.3,229,1468.1,1534.7,2026-04,382,-0.12
341,Antoine Escoffier,33.6,1435.7,305,1413.4,479,1258.4,443,1360.8,1628.4,2023-03,579,-0.53
342,Sergey Fomin,25.3,1435.3,354,1376.5,282,1432.3,324,1417.6,1507.2,2026-04,296,0.14
343,Petr Bar Biryukov,24.2,1435.2,286,1428.2,387,1342.6,373,1393.2,1488.1,2025-10,275,0.22
344,Marc Polmans,29.1,1434.8,313,1407.0,324,1393.0,279,1440.3,1618.1,2019-10,366,-0.06
345,Edward Winter,21.6,1433.9,318,1404.0,404,1326.9,273,1444.5,1484.5,2026-05,432,-0.22
346,Federico Agustin Gomez,29.4,1432.7,328,1396.5,318,1399.7,307,1424.3,1668.6,2024-09,212,0.49
347,Juan Manuel La Serna,22.3,1430.4,377,1355.7,304,1415.6,329,1415.2,1471.1,2026-05,298,0.15
348,Ivan Gakhov,29.4,1430.2,341,1386.6,333,1384.3,387,1386.6,1659.6,2023-05,371,-0.06
349,Stefan Kozlov,28.2,1429.0,310,1408.3,322,1397.2,331,1414.4,1724.4,2022-02,322,0.08
350,Moez Echargui,33.4,1428.7,304,1414.2,369,1357.7,371,1394.3,1647.0,2025-09,155,0.81
351,Alexander Donski,27.8,1427.7,271,1442.4,350,1368.2,236,1463.9,1558.6,2021-09,527,-0.41
352,Charles Broom,28.1,1427.6,316,1405.5,426,1311.1,353,1403.1,1536.4,2024-06,274,0.25
353,Facundo Mena,33.6,1427.0,378,1354.5,313,1405.6,399,1378.2,1616.9,2019-09,353,0
354,Andrea Collarini,34.3,1426.2,421,1322.2,309,1411.2,487,1333.5,1572.5,2019-09,325,0.09
355,Dan Added,27.0,1426.0,315,1405.9,446,1291.5,332,1413.0,1565.5,2025-11,237,0.40
356,Paul Jubb,26.4,1425.8,319,1403.3,391,1338.0,270,1445.2,1632.1,2022-03,334,0.06
357,Marat Sharipov,23.6,1424.6,302,1415.7,359,1364.7,333,1412.3,1613.9,2025-02,381,-0.07
358,Lorenzo Giustino,34.7,1424.2,287,1427.7,365,1360.4,497,1317.9,1643.8,2019-06,228,0.45
359,Michele Ribecai,23.3,1422.5,428,1313.6,310,1410.0,337,1411.3,1437.8,2026-06,259,0.33
360,Juan Pablo Ficovich,29.3,1421.2,293,1421.8,326,1390.3,357,1400.7,1597.4,2020-10,198,0.60
361,Keegan Smith,27.9,1421.0,330,1394.6,484,1253.6,339,1410.5,1453.4,2026-05,246,0.38
362,Jason Jung,36.9,1420.0,338,1389.2,367,1359.0,327,1417.1,1661.3,2018-03,1103,-1.11
363,Miguel Damas,26.4,1418.2,396,1338.9,327,1387.9,340,1409.1,1466.4,2026-04,271,0.29
364,Daniel Michalski,26.4,1416.6,301,1416.6,353,1366.5,251,1458.3,1590.8,2020-02,321,0.13
365,Blake Ellis,27.3,1416.0,335,1390.4,417,1318.0,344,1408.0,1501.3,2026-03,502,-0.32
366,Matteo Martineau,27.3,1415.6,327,1397.5,368,1358.0,383,1390.0,1624.5,2024-02,339,0.08
367,Alexey Vatutin,33.0,1415.2,348,1382.0,344,1373.8,416,1371.6,1637.3,2018-04,609,-0.51
368,Sascha Gueymard Wayenburg,22.8,1414.8,329,1394.6,345,1373.2,413,1371.9,1563.9,2025-01,278,0.28
369,Murphy Cassone,23.7,1414.8,343,1385.6,425,1311.5,380,1391.5,1684.9,2025-02,291,0.24
370,Luciano Emanuel Ambrogi,22.5,1414.7,481,1258.5,314,1404.4,346,1407.4,1436.0,2026-06,323,0.14
371,James Trotter,26.7,1414.2,350,1380.4,372,1356.3,392,1384.9,1658.1,2025-01,420,-0.12
372,Daniel Masur,31.4,1413.4,347,1382.5,328,1387.3,355,1402.2,1621.9,2021-03,380,-0.02
373,Bernabe Zapata Miralles,29.3,1413.1,364,1366.2,311,1407.4,309,1423.5,1779.9,2023-05,,
374,Hady Habib,27.4,1411.6,366,1364.1,278,1435.4,299,1431.0,1624.9,2025-05,596,-0.47
375,Justin Engel,18.6,1411.4,309,1410.5,418,1317.8,289,1434.8,1607.8,2025-11,272,0.32
376,Johan Alexander Rodriguez Rodriguez,22.7,1411.0,339,1389.1,357,1365.1,349,1405.5,1490.1,2026-06,546,-0.37
377,Marek Gengel,30.3,1410.6,353,1377.3,477,1260.0,432,1364.9,1505.8,2023-01,372,0.01
378,Florent Bax,26.9,1409.3,334,1392.1,347,1371.4,351,1404.7,1474.2,2026-01,257,0.39
379,Tibo Colson,25.7,1408.7,380,1351.6,378,1352.5,352,1404.4,1422.6,2026-04,444,-0.16
380,Abedallah Shelbayh,22.5,1408.5,280,1431.3,441,1295.2,312,1421.9,1648.2,2024-02,299,0.24
381,Geoffrey Blancaneaux,27.8,1406.7,344,1384.5,321,1398.6,490,1331.3,1591.5,2023-05,388,-0.02
382,Tung Lin Wu,28.0,1406.1,355,1375.9,298,1421.1,441,1362.5,1605.0,2023-04,346,0.10
383,Niels Visker,24.6,1400.1,352,1379.2,450,1290.0,334,1412.3,1421.3,2026-06,455,-0.17
384,Matheus Pucinelli De Almeida,25.1,1399.7,475,1264.1,325,1390.9,358,1400.7,1650.0,2022-03,409,-0.06
385,Michael Geerts,31.2,1399.5,346,1382.8,383,1347.9,477,1343.4,1540.6,2023-03,336,0.14
386,Maks Kasnikowski,22.9,1399.3,361,1368.3,302,1416.3,263,1449.6,1652.1,2024-06,273,0.35
387,Francesco Forti,26.8,1397.7,417,1323.2,348,1370.9,363,1398.8,1478.8,2019-07,379,0.02
388,Marvin Moeller,27.3,1397.5,365,1365.5,331,1384.6,264,1448.8,1567.7,2021-07,368,0.05
389,Hernan Casanova,32.3,1396.7,474,1264.6,332,1384.6,429,1367.5,1474.0,2022-09,406,-0.04
390,Denis Yevseyev,32.9,1396.0,345,1383.6,355,1366.2,345,1407.9,1565.7,2024-01,457,-0.16
391,Federico Bondioli,21.0,1395.5,488,1250.8,334,1382.7,365,1397.7,1422.6,2025-06,359,0.09
392,Oleg Prihodko,28.6,1395.4,320,1403.2,399,1331.7,366,1397.7,1514.0,2021-12,410,-0.04
393,Milos Karol,23.5,1393.3,404,1333.3,356,1366.1,368,1396.7,1457.6,2025-10,448,-0.13
394,Alastair Gray,27.9,1392.7,360,1371.6,431,1306.4,448,1360.4,1526.5,2024-01,268,0.39
395,Philip Sekulic,22.6,1390.0,367,1363.3,464,1273.8,452,1356.8,1533.1,2024-07,324,0.20
396,Jakub Paul,27.0,1389.2,394,1340.1,384,1347.6,370,1394.6,1506.3,2025-08,526,-0.28
397,Filip Cristian Jianu,24.7,1387.2,437,1305.4,362,1362.1,414,1371.8,1578.5,2019-09,269,0.39
398,Jonas Forejtek,25.2,1387.1,406,1333.0,361,1363.9,405,1376.5,1614.5,2022-05,314,0.24
399,Rudolf Molleker,25.4,1386.8,393,1340.8,337,1381.9,439,1362.7,1712.9,2019-06,480,-0.18
400,Dmitry Popko,29.4,1385.2,324,1399.6,395,1334.0,493,1322.8,1631.7,2020-01,675,-0.52
401,Alex Barrena,23.6,1385.1,479,1260.7,363,1361.7,376,1392.5,1596.1,2025-07,247,0.48
402,Mathys Erhard,24.6,1384.6,383,1349.8,374,1355.8,377,1392.3,1455.1,2025-11,384,0.05
403,Braden Shick,22.5,1384.2,371,1357.9,415,1319.0,378,1392.1,1404.1,2026-06,330,0.20
404,Samir Banerjee,22.1,1383.9,369,1361.0,435,1302.0,379,1392.0,1472.4,2025-09,416,-0.03
405,Nicolas Kicker,33.8,1383.1,390,1344.4,346,1371.9,479,1341.1,1706.2,2018-05,340,0.17
406,Jie Cui,28.2,1382.9,379,1353.5,487,1249.3,381,1391.5,1491.5,2025-05,430,-0.06
407,Quinn Vandecasteele,23.7,1380.3,363,1366.6,438,1300.1,464,1350.7,1409.2,2026-03,458,-0.12
408,Aidan Mayo,23.0,1380.2,370,1358.9,423,1312.9,369,1396.3,1541.1,2024-11,547,-0.29
409,Khumoun Sultanov,27.4,1379.1,362,1367.1,459,1277.7,359,1400.2,1553.9,2025-02,,
410,Murkel Alejandro Dellien Velasco,28.6,1378.6,372,1357.2,351,1368.2,426,1368.2,1602.5,2022-01,306,0.29
411,Juan Bautista Torres,24.2,1378.2,447,1291.2,354,1366.5,384,1389.1,1586.6,2022-07,281,0.38
412,Tom Paris,23.7,1377.4,375,1355.9,420,1316.7,385,1388.7,1497.2,2025-11,389,0.06
413,Eduardo Ribeiro,28.2,1377.0,473,1267.0,360,1364.2,386,1388.5,1463.2,2026-03,376,0.09
414,Akira Santillan,29.0,1376.0,387,1347.0,392,1337.3,473,1346.7,1658.6,2017-08,310,0.29
415,Lucio Ratti,22.3,1373.2,430,1310.1,381,1349.4,388,1386.6,1406.5,2026-06,395,0.05
416,Alfredo Perez,28.4,1371.6,403,1333.4,339,1379.7,389,1385.8,1451.2,2025-10,602,-0.37
417,Henry Bernet,19.3,1371.5,427,1315.8,377,1353.0,390,1385.8,1537.6,2025-11,471,-0.12
418,Ognjen Milic,18.9,1371.3,351,1379.7,352,1366.8,287,1435.7,1513.8,2026-03,370,0.12
419,Tyler Zink,25.3,1370.8,382,1350.9,444,1293.5,360,1400.2,1473.9,2025-10,333,0.23
420,Gabi Adrian Boitan,26.8,1369.8,388,1345.3,380,1351.5,288,1434.9,1488.6,2022-03,408,0.03
421,Stefan Palosi,26.1,1368.8,444,1294.4,375,1354.7,393,1384.4,1405.5,2026-02,417,0.01
422,Conner Huertas Del Pino,30.4,1363.1,415,1324.0,386,1344.0,395,1381.5,1393.4,2026-06,639,-0.41
423,Hayato Matsuoka,21.3,1360.6,409,1331.7,448,1290.3,397,1380.3,1542.5,2026-03,347,0.20
424,Kaichi Uchida,31.6,1360.2,402,1334.1,429,1308.0,374,1392.8,1571.8,2023-02,255,0.51
425,Carlos Sanchez Jover,25.9,1359.7,489,1250.1,388,1340.4,398,1379.8,1440.5,2023-09,367,0.15
426,Mert Alkaya,25.9,1357.0,399,1336.1,408,1322.9,391,1385.3,1499.5,2026-04,332,0.25
427,Thomas Faurel,20.3,1355.7,441,1301.8,416,1318.2,401,1377.8,1412.6,2026-01,307,0.33
428,Eero Vasa,29.2,1354.5,424,1321.3,396,1333.8,303,1427.2,1415.6,2016-03,463,-0.08
429,Nicolas Alvarez Varona,25.0,1353.4,349,1382.0,436,1301.2,403,1376.7,1526.2,2022-11,461,-0.07
430,Hiroki Moriya,35.6,1352.8,425,1320.8,483,1254.8,457,1353.6,1584.0,2012-12,490,-0.13
431,Luca Potenza,25.7,1352.0,420,1322.3,430,1307.5,407,1376.0,1470.3,2022-06,425,0.01
432,Justin Boulais,24.5,1351.7,413,1326.4,454,1285.9,408,1375.9,1416.6,2023-07,387,0.11
433,Alex Rybakov,29.2,1351.7,432,1309.8,427,1310.5,367,1397.0,1516.5,2022-07,393,0.10
434,Daniel Milavsky,24.6,1348.5,397,1337.1,468,1267.4,454,1355.0,1406.9,2026-02,355,0.20
435,Maximus Jones,21.6,1347.8,423,1321.8,421,1316.4,411,1373.9,1524.4,2025-04,426,0.02
436,Alexandr Binda,24.5,1346.0,450,1287.0,398,1331.8,412,1373.0,1450.9,2025-07,482,-0.10
437,Tai Sach,23.5,1343.4,422,1321.9,457,1281.7,415,1371.7,1436.6,2026-02,509,-0.15
438,Cannon Kingsley,24.9,1342.3,389,1344.5,475,1262.4,417,1371.1,1468.0,2023-09,428,0.02
439,Miguel Tobon,19.9,1340.7,436,1306.9,406,1325.7,396,1381.3,1600.3,1995-09,449,-0.02
440,Sergio Callejon Hernando,21.7,1340.3,439,1304.4,424,1311.8,423,1370.1,1418.7,2026-03,442,0
441,Sandro Kopp,25.9,1339.2,458,1279.9,389,1340.2,424,1369.6,1547.1,2025-11,326,0.30
442,Olaf Pieczkowski,21.8,1338.4,411,1331.4,401,1329.4,319,1419.2,1621.0,2023-11,581,-0.27
443,Ioannis Xilas,25.0,1337.4,398,1336.6,390,1339.2,321,1418.7,1652.3,2025-08,362,0.20
444,Andres Martin,24.8,1337.0,408,1331.7,432,1306.1,323,1418.5,1603.6,2022-07,315,0.34
445,Mae Malige,19.9,1336.9,433,1308.6,499,1229.1,425,1368.4,1435.8,2025-10,544,-0.20
446,Garrett Johns,25.3,1336.2,416,1323.4,447,1291.1,427,1368.1,1534.5,2025-08,378,0.17
447,Valerio Aboian,23.8,1334.3,500,1227.0,407,1325.7,430,1367.1,1355.1,2024-04,464,-0.04
448,Viktor Durasovic,29.1,1333.8,400,1336.1,461,1277.0,503,1310.6,1494.2,2025-02,493,-0.10
449,Patrick Zahraj,26.8,1331.6,419,1322.7,478,1259.0,406,1376.3,1596.7,2025-03,399,0.12
450,Santiago Fa Rodriguez Taverna,26.9,1331.5,451,1286.5,409,1322.5,460,1352.5,1672.6,2022-01,392,0.14
451,Corentin Denolly,28.8,1331.3,468,1271.4,445,1292.5,461,1352.3,1455.6,2025-03,418,0.08
452,James Watt,25.9,1330.8,418,1323.1,493,1240.1,444,1360.8,1360.2,2026-01,674,-0.40
453,Tommaso Compagnucci,26.5,1329.2,503,1221.1,405,1326.8,433,1364.6,1358.8,2026-05,374,0.19
454,Robin Bertrand,23.2,1328.3,414,1325.3,497,1234.5,434,1364.2,1540.9,2024-07,284,0.47
455,Federico Arnaboldi,25.9,1328.2,442,1300.0,451,1289.0,486,1333.6,1623.0,2024-08,586,-0.25
456,Juan Estevez,20.7,1328.1,464,1274.1,414,1319.1,435,1364.1,1350.7,2026-06,343,0.28
457,Masamichi Imamura,27.5,1328.0,443,1297.1,463,1274.0,436,1364.0,1394.5,2024-11,431,0.06
458,Karim Bennani,18.7,1326.7,385,1349.1,473,1263.3,437,1363.3,1522.8,2026-04,518,-0.12
459,Jacopo Berrettini,27.2,1325.4,483,1257.8,394,1335.8,440,1362.7,1592.3,2024-05,466,-0.02
460,Olukayode Alafia Damina Ayeni,26.7,1323.9,431,1310.0,498,1229.5,496,1318.2,1374.8,2022-10,446,0.03
461,Luis Guto Miguel,17.1,1322.0,471,1267.1,419,1317.1,442,1361.0,1351.0,2026-05,824,-0.58
462,Pietro Fellin,24.8,1321.5,440,1303.8,489,1245.4,445,1360.8,1419.7,2026-02,491,-0.06
463,Patrick Maloney,25.6,1320.7,465,1273.3,411,1322.0,420,1370.7,1467.5,2025-07,709,-0.43
464,Neil Oberleitner,26.4,1319.6,452,1286.4,466,1271.8,449,1359.8,1378.0,2024-07,612,-0.28
465,Johan Nikles,29.0,1318.7,466,1273.0,433,1306.1,450,1359.3,1535.7,2022-06,424,0.09
466,Daniel Dutra Da Silva,37.8,1317.1,495,1237.3,442,1294.5,476,1344.7,1519.5,2009-02,413,0.12
467,Karl Poling,26.8,1314.0,426,1320.4,506,1216.5,501,1315.3,1328.3,2026-06,507,-0.08
468,Blaise Bicknell,24.4,1313.2,448,1289.5,453,1287.4,347,1406.6,1587.2,2024-02,318,0.39
469,Dan Martin,26.9,1313.2,461,1276.1,462,1274.7,492,1328.7,1374.1,2025-11,497,-0.06
470,Cruz Hewitt,17.1,1310.7,446,1292.5,470,1265.3,453,1355.3,1349.3,2026-02,606,-0.25
471,Tsung Hao Huang,26.2,1308.8,459,1279.6,471,1264.4,455,1354.4,1406.7,2023-10,603,-0.25
472,Arda Azkara,23.1,1307.8,445,1292.9,472,1263.9,456,1353.9,1352.0,2026-06,595,-0.23
473,Svyatoslav Gulin,23.5,1307.0,482,1257.9,439,1298.6,458,1353.5,1402.2,2023-11,522,-0.10
474,Sasi Kumar Mukund,29.3,1305.7,456,1281.1,492,1241.0,499,1316.2,1498.8,2019-02,545,-0.14
475,Gonzalo Villanueva,31.4,1305.3,504,1216.0,443,1293.6,459,1352.7,1454.7,2022-05,397,0.18
476,Jelle Sels,30.7,1302.7,412,1328.1,465,1272.8,528,1247.6,1640.8,2022-11,501,-0.05
477,Ivan Marrero Curbelo,27.6,1302.5,494,1237.3,403,1327.8,462,1351.3,1322.5,2026-05,407,0.16
478,Kaylan Bigun,19.8,1301.7,463,1274.9,494,1239.8,463,1350.9,1423.0,2025-08,508,-0.06
479,Olle Wallin,24.6,1299.7,460,1278.0,452,1288.8,465,1349.8,1488.2,2025-07,447,0.07
480,Maxime Janvier,29.6,1297.3,455,1281.6,476,1260.9,472,1346.9,1601.5,2019-09,568,-0.17
481,Lucas Poullain,30.5,1296.1,453,1286.4,501,1226.7,467,1348.0,1590.8,2023-10,429,0.11
482,Omar Jasika,28.9,1295.9,467,1271.9,490,1244.9,529,1242.5,1669.1,2017-02,531,-0.10
483,Robert Strombachs,26.6,1294.4,449,1287.2,482,1255.8,470,1347.2,1479.9,2025-05,453,0.06
484,Gabriele Piraino,22.5,1294.4,502,1222.2,455,1285.1,471,1347.2,1397.2,2026-02,373,0.26
485,Carl Emil Overbeck,24.6,1292.9,469,1271.2,481,1256.5,474,1346.5,1413.1,2025-11,437,0.10
486,Alejo Sanchez Quilez,20.9,1292.8,477,1262.1,467,1268.3,475,1346.4,1390.8,2026-03,499,-0.03
487,Kasidit Samrej,25.2,1285.4,480,1259.8,370,1356.9,375,1392.7,1424.3,2019-04,385,0.24
488,Pierluigi Basile,19.4,1285.0,511,1195.0,440,1295.8,478,1342.5,1426.9,2025-06,838,-0.54
489,Taha Baadi,24.6,1282.1,490,1249.6,458,1279.8,506,1305.3,1300.1,2025-09,519,-0.06
490,Pedro Sakamoto,32.9,1281.1,485,1254.4,469,1266.3,480,1340.5,1495.6,2019-05,496,-0.01
491,Carlo Alberto Caniato,20.6,1280.9,497,1228.3,460,1277.3,481,1340.5,1451.2,2025-09,,
492,Adria Soriano Barrera,26.7,1279.6,457,1280.9,503,1225.5,482,1339.8,1429.0,2025-07,435,0.12
493,Juan Alejandro Hernandez Serrano,26.9,1276.4,478,1261.8,495,1238.9,483,1338.2,1315.8,2026-04,422,0.16
494,Alan Magadan,24.8,1274.1,462,1275.1,496,1237.7,484,1337.1,1381.1,2025-07,627,-0.24
495,Yusuke Takahashi,28.6,1268.0,491,1243.5,474,1262.6,485,1334.0,1451.5,2018-01,663,-0.29
496,Aristotelis Thanos,24.6,1267.4,484,1254.6,402,1328.2,394,1383.7,1576.3,2025-02,572,-0.14
497,Christian Langmo,29.8,1266.5,486,1254.0,524,1140.8,488,1333.2,1411.8,2023-04,474,0.05
498,San Hui Sin,29.0,1265.1,492,1242.2,491,1242.6,489,1332.6,1314.1,2025-08,451,0.10
499,Max Wiskandt,24.3,1262.7,501,1226.1,485,1253.1,508,1304.1,1454.0,2025-04,536,-0.07
500,Raphael Perot,24.9,1261.7,498,1227.9,480,1257.0,491,1330.8,1291.1,2026-02,391,0.25
501,Bor Artnak,21.9,1253.3,493,1241.0,449,1290.2,404,1376.7,1587.4,2022-09,436,0.14
502,Mateus Alves,25.2,1244.5,525,1146.2,488,1246.9,494,1322.3,1422.1,2024-11,460,0.09
503,Naoya Honda,20.1,1239.5,496,1236.3,511,1203.1,495,1319.8,1290.3,2026-03,774,-0.43
504,Aryan Shah,20.3,1235.2,499,1227.9,502,1226.1,498,1317.6,1524.6,2025-07,617,-0.20
505,Filip Peliwo,32.3,1233.6,506,1210.8,486,1251.5,519,1280.6,1570.6,2014-04,481,0.05
506,Juan Sebastian Gomez,34.2,1230.8,507,1206.3,505,1220.9,500,1315.4,1319.2,2017-09,559,-0.10
507,Renta Tokuda,28.0,1223.7,509,1196.6,520,1173.1,502,1311.8,1380.8,2018-05,394,0.25
508,Vadym Ursu,29.2,1222.7,510,1195.6,521,1167.6,516,1290.3,1281.3,2025-11,390,0.26
509,Saba Purtseladze,24.7,1220.3,487,1251.8,528,1110.1,517,1288.2,1466.8,2025-05,644,-0.24
510,Lorenzo Joaquin Rodriguez,26.7,1218.5,514,1185.4,509,1209.1,504,1309.3,1362.4,2024-04,456,0.11
511,Joaquin  Aguilar Cardozo,21.1,1216.7,470,1270.1,504,1223.0,451,1358.3,1554.4,2023-09,,
512,Dominik Palan,25.6,1214.0,508,1201.3,515,1195.2,505,1307.0,1441.5,2023-07,500,0.02
513,Moerani Bouzige,26.7,1210.6,516,1179.6,507,1215.3,507,1305.3,1416.7,2024-12,445,0.14
514,Kokoro Isomura,23.3,1205.7,517,1176.3,508,1212.9,509,1302.9,1428.8,2024-11,557,-0.08
515,Joao Eduardo Schiessl,21.7,1201.5,518,1173.9,512,1203.0,510,1300.7,1394.0,2025-10,452,0.13
516,Carlos Maria Zarate,,1199.9,505,1212.2,517,1187.0,511,1300.0,1301.9,2025-10,411,0.23
517,Andrew Fenty,26.2,1199.3,515,1182.7,514,1197.8,512,1299.6,1297.0,2026-01,383,0.30
518,Mariano Kestelboim,30.1,1198.4,521,1170.6,516,1189.0,513,1299.2,1312.1,2025-06,689,-0.29
519,Mitsuki Wei Kang Leong,21.7,1192.0,520,1173.6,510,1206.0,514,1296.0,1291.1,2024-09,549,-0.06
520,Luca Castelnuovo,29.3,1184.9,522,1170.5,519,1176.2,525,1264.8,1285.6,2026-02,360,0.37
521,Ryan Dickerson,29.0,1180.8,519,1173.8,518,1186.9,515,1290.4,1234.9,2026-05,592,-0.13
522,Tiago Pereira,21.9,1177.7,527,1141.7,513,1199.6,526,1255.0,1406.9,2025-08,328,0.46
523,Bruno Fernandez,21.8,1166.5,512,1193.3,523,1156.8,518,1283.3,1363.7,2026-02,614,-0.16
524,Lorenzo Carboni,20.2,1160.3,528,1123.3,522,1165.5,520,1280.2,1325.2,2023-08,476,0.10
525,Paulo Andre Saraiva Dos Santos,25.9,1142.7,523,1160.5,527,1131.5,521,1271.3,1327.3,2026-03,503,0.04
526,Tomasz Berkieta,19.9,1136.9,513,1188.4,529,1098.9,522,1268.4,1302.8,2025-11,567,-0.08
527,Karan Singh,22.9,1133.9,530,1090.4,500,1227.7,523,1267.0,1339.8,2025-02,488,0.08
528,Sebastian Gima,23.9,1133.1,529,1120.2,525,1139.2,524,1266.5,1251.0,2025-08,537,-0.02
529,Jake Delaney,28.9,1103.0,531,1088.3,526,1131.7,527,1251.5,1252.3,2025-11,412,0.25
530,Maximo Zeitune,19.2,1077.2,524,1148.6,530,1066.7,530,1238.6,1229.7,2026-01,625,-0.16
531,Santiago De La Fuente,24.3,1066.2,526,1143.1,531,1063.0,531,1233.1,1198.3,2022-04,624,-0.16
