elo_rank,player,age,elo,helo_rank,helo,celo_rank,celo,gelo_rank,gelo,peak_elo,peak_month,atp_rank,log_diff
1,Jannik Sinner,24.8,2321.9,1,2259.3,1,2211.8,1,2125.5,2339.8,2026-05,1,0
2,Carlos Alcaraz,22.9,2146.8,2,2073.3,2,2086.6,2,2014.2,2308.5,2026-03,2,0
3,Alexander Zverev,29.2,2099.9,3,2033.5,3,2051.2,3,1950.1,2176.5,2022-01,3,0
4,Rafael Jodar,19.8,2024.5,6,1939.9,4,1961.9,21,1741.5,2051.1,2026-08,11,-1.01
5,Arthur Fils,22.1,2000.9,7,1933.1,6,1945.2,13,1786.6,2051.0,2026-04,21,-1.44
6,Ben Shelton,23.8,1997.7,4,1971.9,12,1863.8,5,1863.1,2024.4,2025-08,6,0
7,Novak Djokovic,39.1,1975.5,8,1929.8,11,1867.4,6,1846.2,2463.2,2016-05,5,0.34
8,Daniil Medvedev,30.4,1957.2,5,1944.0,7,1878.9,7,1842.5,2201.2,2022-01,7,0.13
9,Casper Ruud,27.6,1954.9,14,1872.9,5,1951.5,45,1689.5,2071.9,2022-05,17,-0.64
10,Taylor Fritz,28.7,1952.0,13,1877.5,34,1782.4,4,1882.9,2070.2,2025-09,9,0.11
11,Alex De Minaur,27.4,1946.3,10,1918.3,13,1862.0,8,1833.0,2053.1,2024-06,8,0.32
12,Joao Fonseca,19.9,1934.2,9,1919.7,14,1859.6,31,1715.8,1992.5,2025-03,26,-0.77
13,Learner Tien,20.6,1933.3,11,1901.5,23,1817.5,35,1707.4,1977.4,2026-03,12,0.08
14,Tommy Paul,29.2,1922.5,16,1857.7,10,1872.5,14,1784.7,2028.8,2025-05,24,-0.54
15,Jiri Lehecka,24.7,1921.4,15,1870.4,22,1825.4,10,1807.7,1989.9,2025-10,14,0.07
16,Jakub Mensik,20.9,1914.5,12,1882.2,15,1852.7,34,1707.5,1969.6,2026-02,16,0
17,Brandon Nakashima,24.9,1898.4,17,1853.8,42,1764.6,15,1776.9,1909.5,2024-09,22,-0.26
18,Frances Tiafoe,28.5,1896.1,20,1840.7,24,1816.5,11,1806.9,1974.0,2023-06,23,-0.25
19,Alejandro Davidovich Fokina,27.1,1895.2,18,1843.4,25,1810.8,12,1791.4,1934.8,2025-07,27,-0.35
20,Alexander Bublik,29.0,1893.8,22,1839.0,21,1825.9,9,1815.6,1988.6,2026-01,13,0.43
21,Andrey Rublev,28.7,1889.2,23,1834.7,8,1875.3,17,1759.6,2122.1,2021-04,18,0.15
22,Francisco Cerundolo,27.9,1888.6,19,1841.2,17,1847.1,24,1737.7,1961.6,2025-04,25,-0.13
23,Flavio Cobolli,24.2,1883.7,32,1794.0,18,1845.8,16,1771.7,1931.6,2026-06,10,0.83
24,Felix Auger Aliassime,25.8,1872.8,21,1839.6,39,1771.4,29,1719.4,2062.7,2022-10,4,1.79
25,Alexander Blockx,21.3,1870.4,39,1770.2,20,1839.4,53,1671.4,1907.2,2026-05,32,-0.25
26,Tomas Machac,25.6,1865.9,25,1829.3,33,1782.8,37,1705.9,1972.7,2025-04,62,-0.87
27,Lorenzo Musetti,24.4,1865.3,31,1797.0,16,1848.4,18,1746.2,2050.5,2025-05,15,0.59
28,Stefanos Tsitsipas,27.9,1862.8,27,1815.1,9,1874.2,42,1692.1,2145.1,2021-05,49,-0.56
29,Raphael Collignon,24.5,1861.9,29,1807.1,26,1805.1,54,1669.1,1924.1,2026-05,38,-0.27
30,Valentin Vacherot,27.7,1857.2,28,1814.9,44,1757.9,117,1582.6,1929.6,2026-04,19,0.46
31,Alex Michelsen,21.9,1847.9,24,1834.2,69,1705.8,32,1711.4,1904.8,2025-01,41,-0.28
32,Daniel Merida Aguilar,21.8,1847.6,34,1784.8,36,1781.0,92,1620.2,1861.4,2026-08,40,-0.22
33,Luciano Darderi,24.4,1842.4,69,1716.9,19,1843.1,89,1625.3,1858.1,2026-05,20,0.50
34,Cameron Norrie,30.9,1841.8,30,1806.4,29,1794.1,36,1706.1,2028.6,2022-08,35,-0.03
35,Ugo Humbert,28.1,1837.7,26,1815.7,60,1717.1,22,1740.6,2017.7,2024-03,30,0.15
36,Dino Prizmic,20.9,1830.8,64,1728.2,30,1792.6,100,1614.1,1886.5,2026-05,101,-1.03
37,Matteo Berrettini,30.3,1828.1,33,1785.8,31,1788.4,23,1740.1,2065.7,2022-07,42,-0.13
38,Hubert Hurkacz,29.4,1826.2,50,1748.3,37,1776.3,25,1732.5,2022.5,2024-06,69,-0.60
39,Mariano Navone,25.4,1817.5,68,1723.9,32,1784.7,140,1557.1,1875.9,2024-04,44,-0.12
40,Arthur Fery,23.9,1812.5,63,1730.4,123,1616.4,26,1722.0,1818.0,2026-06,37,0.08
41,Zizou Bergs,27.1,1811.3,47,1755.6,75,1698.1,27,1721.6,1859.2,2025-03,33,0.22
42,Hamad Medjedovic,23.0,1806.1,71,1714.6,27,1799.1,82,1630.7,1859.9,2026-05,73,-0.55
43,Gael Monfils,39.9,1805.3,35,1784.3,80,1685.9,64,1652.8,2087.1,2016-10,305,-1.96
44,Thanasi Kokkinakis,30.3,1805.3,37,1777.8,55,1728.5,114,1587.3,1890.6,2026-05,440,-2.30
45,Karen Khachanov,30.2,1804.5,46,1755.9,38,1775.4,30,1717.0,2029.5,2018-10,39,0.14
46,Roman Safiullin,28.8,1804.1,62,1730.7,35,1781.3,28,1720.9,1911.3,2024-01,103,-0.81
47,Alejandro Tabilo,29.1,1803.2,48,1755.2,43,1759.2,60,1654.3,1895.7,2024-07,29,0.48
48,Yannick Hanfmann,34.7,1798.8,54,1738.4,45,1754.5,59,1655.9,1843.4,2023-06,55,-0.14
49,Jack Draper,24.6,1797.3,45,1756.1,82,1684.1,44,1691.5,2103.8,2025-04,143,-1.07
50,Eliot Spizzirri,24.4,1796.1,40,1765.0,149,1584.1,83,1630.0,1835.5,2026-02,117,-0.85
51,Kamil Majchrzak,30.5,1795.9,59,1735.6,58,1721.0,20,1744.1,1813.4,2026-07,68,-0.29
52,Marin Cilic,37.8,1795.6,44,1757.6,74,1698.8,19,1745.6,2100.4,2010-02,80,-0.43
53,Juan Manuel Cerundolo,24.7,1794.7,96,1671.7,40,1766.5,130,1566.6,1813.6,2026-07,51,0.04
54,Ethan Quinn,22.2,1794.3,41,1762.3,83,1683.3,41,1695.9,1842.9,2026-03,58,-0.07
55,Tallon Griekspoor,30.0,1793.6,36,1782.5,56,1727.9,38,1702.7,1951.8,2025-06,56,-0.02
56,Arthur Cazaux,23.5,1792.9,55,1737.6,71,1702.8,58,1658.7,1811.9,2025-10,139,-0.91
57,Arthur Rinderknech,31.0,1790.4,42,1760.7,65,1711.9,50,1674.3,1871.8,2025-10,28,0.71
58,Nuno Borges,29.4,1789.5,57,1736.3,50,1732.6,55,1667.1,1843.6,2025-03,47,0.21
59,Matteo Arnaldi,25.4,1786.7,75,1709.9,28,1796.3,107,1593.9,1902.9,2024-06,34,0.55
60,Ignacio Buse,22.3,1786.5,118,1638.1,41,1764.8,91,1620.3,1844.9,2026-05,36,0.51
61,Sebastian Korda,25.6,1783.6,52,1740.0,99,1644.9,62,1654.0,2020.7,2023-01,64,-0.05
62,Fabian Marozsan,26.8,1779.3,58,1735.8,63,1713.2,65,1651.2,1867.2,2024-04,63,-0.02
63,Pablo Carreno Busta,35.0,1778.3,66,1724.5,47,1746.3,108,1592.0,2005.1,2021-08,72,-0.13
64,Quentin Halys,29.7,1775.8,73,1711.3,46,1751.5,75,1640.8,1811.4,2023-04,57,0.12
65,Thiago Agustin Tirante,25.3,1775.7,90,1684.2,49,1742.4,127,1569.0,1782.8,2026-08,50,0.26
66,Tomas Martin Etcheverry,27.0,1774.7,65,1728.1,48,1746.1,145,1547.7,1871.7,2023-05,31,0.76
67,Jaume Munar,29.2,1772.6,49,1752.0,73,1699.5,80,1632.5,1830.4,2025-10,46,0.38
68,Jordan Thompson,31.7,1772.4,61,1732.6,136,1604.6,33,1708.7,1891.2,2024-12,317,-1.54
69,Denis Shapovalov,27.3,1769.1,38,1772.8,88,1675.3,96,1619.2,1983.2,2020-01,48,0.36
70,Titouan Droguet,25.1,1766.2,85,1695.8,57,1725.7,76,1640.1,1776.5,2026-08,111,-0.46
71,Alex Molcan,28.6,1763.8,103,1663.3,53,1729.0,73,1641.8,1872.5,2022-07,75,-0.05
72,Sebastian Baez,25.5,1763.0,74,1710.6,51,1729.8,154,1539.3,1941.4,2022-07,53,0.31
73,Marton Fucsovics,34.4,1760.5,70,1716.2,78,1688.3,39,1699.1,1924.2,2021-03,82,-0.12
74,Botic Van De Zandschulp,30.8,1759.8,56,1737.4,77,1689.9,104,1601.6,1938.0,2022-09,59,0.23
75,Michael Zheng,22.5,1758.2,79,1706.2,134,1607.8,56,1663.1,1801.0,2026-07,110,-0.38
76,Grigor Dimitrov,35.1,1758.1,51,1742.9,95,1656.4,47,1681.2,2111.5,2014-08,138,-0.60
77,Holger Rune,22.4,1756.9,67,1724.5,54,1728.7,85,1628.4,2082.0,2023-05,102,-0.28
78,Miomir Kecmanovic,26.9,1754.6,80,1703.5,61,1715.4,81,1631.0,1900.6,2022-04,66,0.17
79,Juncheng Shang,21.4,1752.7,84,1696.0,102,1643.7,61,1654.2,1895.7,2024-09,228,-1.06
80,Jacob Fearnley,25.0,1751.4,88,1690.5,90,1674.0,43,1691.7,1910.0,2024-10,107,-0.29
81,Toby Samuel,23.8,1750.2,53,1739.1,109,1637.8,119,1579.3,1787.4,2026-07,113,-0.33
82,Reilly Opelka,28.7,1748.9,60,1733.8,101,1644.0,78,1634.6,1927.5,2022-04,142,-0.55
83,Alexei Popyrin,26.9,1747.2,89,1686.3,52,1729.6,115,1583.1,1902.2,2024-10,128,-0.43
84,Arthur Gea,21.5,1746.4,43,1759.9,143,1595.9,102,1608.6,1746.4,2026-07,85,-0.01
85,Luca Van Assche,22.2,1745.7,86,1694.4,64,1713.1,126,1569.2,1801.5,2023-04,54,0.45
86,Soon Woo Kwon,28.6,1742.8,81,1703.4,116,1624.5,74,1641.0,1830.7,2023-01,152,-0.57
87,Jan Choinski,30.1,1740.3,141,1598.4,68,1709.1,121,1577.5,1740.3,2026-07,77,0.12
88,Terence Atmane,24.5,1735.9,76,1708.3,100,1644.1,142,1555.9,1763.0,2026-05,45,0.67
89,Jaime Faria,22.9,1735.2,140,1599.1,62,1715.3,49,1674.5,1783.6,2026-07,79,0.12
90,Jenson Brooksby,25.7,1733.1,78,1706.7,115,1626.7,52,1671.7,2005.3,2022-03,74,0.20
91,Jan Lennard Struff,36.2,1733.0,112,1651.6,85,1680.7,46,1685.6,1935.1,2024-07,43,0.75
92,Daniel Altmaier,27.8,1732.4,109,1655.9,76,1696.5,105,1596.6,1789.1,2021-08,65,0.35
93,Camilo Ugo Carabelli,27.1,1731.3,127,1622.5,59,1720.9,228,1467.3,1771.9,2025-05,76,0.20
94,Corentin Moutet,27.2,1730.9,72,1714.0,81,1685.1,87,1625.9,1881.9,2025-10,60,0.45
95,Benjamin Bonzi,30.1,1728.6,87,1694.2,129,1611.4,63,1653.5,1835.8,2022-06,100,-0.05
96,Marcos Giron,33.0,1726.3,83,1698.1,133,1608.0,71,1643.5,1874.1,2025-03,83,0.15
97,Lorenzo Sonego,31.2,1726.0,82,1699.6,106,1639.8,69,1646.1,1895.3,2021-05,88,0.10
98,Roman Andres Burruchaga,24.5,1725.1,176,1545.5,66,1711.5,143,1551.4,1764.5,2026-04,61,0.47
99,Nishesh Basavareddy,21.0,1721.5,91,1680.5,112,1634.2,149,1544.1,1856.6,2025-01,148,-0.40
100,Jan Kumstat,19.6,1719.2,232,1487.1,67,1709.5,137,1559.6,1719.2,2026-08,347,-1.24
101,Zachary Svajda,23.6,1718.9,92,1679.3,147,1589.5,51,1671.9,1794.0,2026-02,84,0.18
102,Martin Damm,22.8,1715.6,97,1667.8,180,1540.0,68,1647.3,1767.9,1999-11,94,0.08
103,Facundo Diaz Acosta,25.6,1715.3,172,1550.5,72,1701.9,211,1482.3,1791.9,2024-02,87,0.17
104,Kei Nishikori,36.5,1712.8,93,1676.6,131,1608.9,110,1590.6,2194.2,2016-08,479,-1.53
105,Vit Kopriva,29.1,1712.5,108,1659.1,86,1676.3,116,1582.9,1760.5,2025-05,71,0.39
106,Rinky Hijikata,25.4,1711.9,99,1666.4,166,1559.4,72,1643.2,1756.7,2026-06,95,0.11
107,Giovanni Mpetshi Perricard,23.0,1710.6,113,1651.3,93,1659.2,84,1628.8,1862.8,2024-12,92,0.15
108,Mattia Bellucci,25.1,1708.7,100,1664.8,137,1604.0,66,1650.7,1814.3,2024-10,81,0.29
109,Otto Virtanen,25.0,1707.1,95,1674.8,164,1562.4,40,1696.4,1768.8,2024-03,116,-0.06
110,Gabriel Diallo,24.8,1704.0,106,1659.6,118,1623.1,79,1633.1,1889.2,2025-06,105,0.05
111,Adam Walton,27.2,1703.5,105,1661.8,178,1543.2,99,1614.6,1747.1,2025-04,98,0.12
112,Yibing Wu,26.7,1699.3,77,1708.2,96,1648.4,212,1479.1,1882.9,2023-03,118,-0.05
113,Jesper De Jong,26.1,1698.0,139,1600.6,89,1675.0,148,1545.7,1741.0,2025-10,106,0.06
114,Roberto Bautista Agut,38.2,1696.9,98,1666.5,108,1638.0,70,1645.6,2033.8,2016-02,183,-0.47
115,Laslo Djere,31.1,1696.8,132,1612.9,70,1703.6,131,1565.9,1854.6,2023-09,211,-0.61
116,Emilio Nava,24.5,1695.6,129,1616.9,84,1681.8,157,1538.2,1742.1,2026-06,108,0.07
117,Leandro Riedi,24.3,1693.1,94,1675.3,140,1598.6,88,1625.8,1823.3,2023-01,131,-0.11
118,Zsombor Piros,26.8,1691.6,117,1644.6,91,1665.7,132,1565.8,1731.0,2023-04,121,-0.03
119,Kyrian Jacquet,25.2,1690.8,101,1664.0,145,1591.6,57,1662.9,1735.1,2025-02,119,0
120,Bu Yunchaokete,24.4,1690.8,116,1645.5,139,1599.3,106,1595.7,1834.9,2024-09,120,0
121,Lloyd Harris,29.4,1690.0,102,1663.9,153,1578.5,93,1620.2,1896.0,2021-10,175,-0.37
122,Yoshihito Nishioka,30.3,1688.7,107,1659.2,121,1618.3,153,1539.9,1884.7,2023-01,199,-0.49
123,Adolfo Daniel Vallejo,22.2,1688.3,228,1489.6,87,1675.8,164,1533.0,1780.4,2026-05,70,0.56
124,Andrea Vavassori,30.9,1688.1,111,1655.0,103,1642.3,158,1538.1,1734.8,2023-04,613,-1.60
125,Jason Kubler,32.7,1684.5,120,1635.3,125,1615.7,48,1679.3,1790.0,2022-07,473,-1.33
126,Sebastian Ofner,30.2,1681.9,123,1631.8,97,1647.1,97,1618.5,1812.7,2024-01,127,-0.01
127,Martin Landaluce,20.5,1678.9,119,1635.8,114,1630.5,113,1588.1,1764.1,2026-05,67,0.64
128,Adrian Mannarino,38.0,1677.2,114,1649.7,230,1489.6,67,1648.7,1896.3,2018-01,52,0.90
129,Aleksandar Vukic,30.3,1670.9,115,1647.9,182,1535.9,118,1582.5,1773.3,2025-01,99,0.26
130,Alexander Shevchenko,25.6,1669.2,121,1635.0,110,1635.6,250,1459.2,1792.0,2024-02,89,0.38
131,Francisco Comesana,25.7,1667.4,125,1628.1,107,1639.7,171,1524.9,1761.9,2025-08,109,0.18
132,Pablo Llamas Ruiz,23.8,1667.0,169,1552.7,79,1687.1,161,1534.5,1773.5,2026-06,130,0.02
133,Cristian Garin,29.9,1666.9,157,1572.1,94,1658.7,98,1617.3,1889.6,2019-04,137,-0.03
134,Valentin Royer,25.1,1662.3,137,1605.7,120,1618.7,112,1588.2,1800.2,2025-10,78,0.54
135,Stan Wawrinka,41.3,1661.4,110,1655.5,141,1597.3,124,1574.8,2145.5,2016-01,125,0.08
136,Christopher Oconnell,32.1,1657.1,122,1634.6,165,1561.1,101,1608.7,1814.1,2025-03,129,0.05
137,Tom Gentzsch,22.9,1657.1,178,1538.0,98,1647.0,170,1525.7,1657.1,2026-08,145,-0.06
138,Gustavo Heide,24.3,1656.4,209,1516.3,104,1642.2,191,1497.8,1713.8,2026-06,133,0.04
139,Chris Rodesch,24.9,1656.3,104,1662.4,169,1557.4,136,1560.1,1768.5,2026-02,153,-0.10
140,Kilian Feldbausch,20.8,1655.9,308,1420.8,111,1635.2,167,1528.0,1688.7,2026-07,235,-0.52
141,David Goffin,35.5,1654.1,128,1620.1,113,1631.9,86,1626.7,2048.7,2017-04,294,-0.73
142,Hugo Gaston,25.8,1652.5,124,1630.6,128,1612.2,128,1568.8,1795.1,2021-11,97,0.38
143,Patrick Kypson,26.6,1648.4,130,1615.1,167,1558.7,174,1517.5,1732.4,2026-01,115,0.22
144,Nicolas Jarry,30.5,1648.3,154,1573.5,105,1641.5,77,1635.2,1903.0,2023-10,768,-1.67
145,Sho Shimabukuro,29.0,1645.0,147,1587.9,226,1496.1,95,1619.5,1692.5,2023-09,90,0.48
146,James Duckworth,34.5,1643.3,138,1604.2,151,1580.2,141,1556.0,1785.9,2021-11,86,0.53
147,Jerome Kym,23.4,1640.9,134,1612.4,146,1590.1,135,1560.3,1738.0,2024-10,179,-0.20
148,Damir Dzumhur,34.2,1640.4,144,1591.1,130,1611.3,151,1541.2,1895.8,2017-09,104,0.35
149,Dalibor Svrcina,23.8,1638.7,126,1624.5,157,1570.4,217,1474.2,1712.9,2025-04,114,0.27
150,Andrea Pellegrino,29.3,1633.9,338,1401.9,122,1616.6,283,1441.8,1681.8,2026-06,135,0.11
151,Mark Lajal,23.2,1632.8,133,1612.5,213,1507.0,166,1530.1,1685.3,2025-07,159,-0.05
152,Stefanos Sakellaridis,21.7,1632.0,162,1566.7,127,1612.3,138,1558.7,1674.3,2026-05,157,-0.03
153,Alexandre Muller,29.5,1631.4,131,1613.7,142,1596.1,197,1493.3,1801.7,2025-05,136,0.12
154,Borna Gojo,28.4,1631.3,135,1612.3,124,1616.1,251,1458.9,1800.2,2023-10,161,-0.04
155,Marco Trungelliti,36.5,1625.4,231,1487.7,119,1622.7,226,1468.6,1693.1,2018-07,91,0.53
156,Giulio Zeppieri,24.3,1621.9,146,1589.0,162,1565.7,120,1578.9,1691.2,2022-07,238,-0.42
157,Hugo Dellien,33.1,1621.9,246,1474.6,126,1613.8,238,1463.4,1779.8,2022-05,141,0.11
158,Coleman Wong,22.1,1620.2,136,1612.3,246,1475.7,230,1465.8,1730.8,2026-02,93,0.53
159,Dhakshineswar Suresh,26.3,1619.4,148,1587.0,300,1419.7,181,1509.7,1653.4,2026-08,400,-0.92
160,Nikoloz Basilashvili,34.4,1615.8,151,1580.5,156,1573.5,134,1565.2,1889.8,2019-01,132,0.19
161,Zhizhen Zhang,29.7,1615.6,152,1580.3,138,1600.1,109,1591.2,1830.9,2024-09,158,0.02
162,Aleksandar Kovacevic,27.9,1614.2,145,1591.1,175,1552.1,257,1455.4,1758.8,2024-04,96,0.52
163,Dusan Lajovic,36.0,1613.9,168,1558.4,152,1579.7,187,1505.6,1854.6,2018-10,146,0.11
164,Jurij Rodionov,27.1,1610.3,160,1571.0,163,1565.7,129,1568.6,1702.1,2023-06,134,0.20
165,Diego Dedura Palomero,18.4,1609.5,358,1380.2,148,1587.1,227,1467.7,1657.3,2026-08,194,-0.16
166,Tristan Boyer,25.2,1607.8,170,1551.3,160,1567.9,186,1506.0,1753.1,2025-01,170,-0.02
167,Mackenzie Mcdonald,31.2,1606.6,142,1597.6,247,1473.9,144,1547.8,1847.6,2023-03,144,0.15
168,Henrique Rocha,22.3,1606.4,185,1532.2,132,1608.4,239,1463.3,1694.5,2026-06,126,0.29
169,Oliver Tarvet,22.6,1606.3,206,1518.5,172,1553.1,103,1604.3,1735.2,2025-08,380,-0.81
170,J J Wolf,27.5,1606.2,149,1586.3,203,1515.6,155,1538.7,1847.7,2023-02,285,-0.52
171,Emil Ruusuvuori,26.6,1606.1,153,1576.8,168,1558.3,123,1576.4,1893.2,2023-06,794,-1.54
172,Vilius Gaubas,21.5,1604.8,159,1571.4,174,1552.1,111,1590.1,1718.5,2025-05,123,0.34
173,Rei Sakamoto,20.1,1601.9,150,1583.5,205,1514.7,188,1505.1,1676.6,2026-02,165,0.05
174,Lukas Klein,27.8,1601.1,181,1535.1,117,1623.9,139,1557.2,1777.5,2024-03,615,-1.26
175,Carlos Taberner,29.0,1600.0,279,1439.8,144,1591.7,309,1428.2,1725.0,2021-10,381,-0.78
176,Taro Daniel,33.4,1599.7,192,1528.1,154,1577.5,193,1497.5,1766.8,2023-04,186,-0.06
177,Alexis Galarneau,27.4,1598.4,175,1547.5,234,1487.5,125,1569.3,1631.5,2024-04,185,-0.04
178,Liam Draxl,24.6,1597.7,155,1573.2,217,1501.9,278,1444.2,1699.6,2025-07,216,-0.19
179,Andre Ilagan,25.7,1596.4,158,1571.9,315,1408.2,207,1485.5,1612.2,2026-08,210,-0.16
180,Marco Cecchinato,33.8,1593.7,264,1455.1,158,1570.0,288,1437.9,1838.6,2018-07,173,0.04
181,Marvin Moeller,27.5,1593.2,255,1463.4,150,1583.6,146,1546.6,1610.6,2026-08,327,-0.59
182,Roberto Carballes Baena,33.3,1592.4,156,1572.6,155,1574.7,205,1489.8,1788.1,2024-07,190,-0.04
183,Filip Misolic,24.5,1587.2,249,1469.3,92,1663.9,165,1531.3,1829.4,2025-07,476,-0.96
184,Daniel Evans,36.1,1586.1,164,1560.9,223,1498.3,122,1577.1,1902.5,2021-04,836,-1.51
185,Nicolas Mejia,26.4,1584.7,233,1486.1,159,1568.6,133,1565.7,1588.9,2026-08,122,0.42
186,Pavel Kotov,27.6,1582.2,143,1593.6,210,1512.4,195,1495.1,1797.1,2024-05,249,-0.29
187,Clement Tabur,26.5,1582.0,165,1560.4,189,1529.4,172,1520.6,1637.3,2026-06,163,0.14
188,Andrea Guerrieri,27.6,1580.3,222,1498.1,195,1523.9,176,1516.2,1611.4,2026-08,189,-0.01
189,Shintaro Mochizuki,23.1,1578.8,221,1499.5,237,1484.5,94,1619.9,1714.9,2025-10,112,0.52
190,Michael Mmoh,28.5,1577.1,161,1567.5,229,1490.3,222,1469.9,1762.3,2017-02,180,0.05
191,Guy Den Ouden,24.3,1576.8,360,1379.3,161,1566.9,300,1431.2,1722.8,2025-08,215,-0.12
192,Pedro Martinez,29.2,1574.8,173,1549.6,173,1552.7,276,1444.5,1844.3,2022-04,151,0.24
193,Henry Searle,20.3,1574.6,305,1422.4,316,1405.4,90,1620.7,1627.8,2026-07,220,-0.13
194,Luca Nardi,22.9,1573.4,163,1566.0,200,1520.0,312,1426.9,1724.6,2024-04,168,0.14
195,Luka Mikrut,22.2,1573.3,288,1431.4,135,1606.6,266,1450.4,1735.4,2025-10,184,0.06
196,Juan Carlos Prado Angelo,21.3,1572.3,313,1416.7,171,1556.9,221,1470.1,1611.6,2025-10,154,0.24
197,Pierre Hugues Herbert,35.3,1571.4,167,1558.8,224,1497.8,163,1534.0,1867.9,2019-06,287,-0.38
198,Nicolai Budkov Kjaer,19.9,1570.7,166,1559.7,187,1530.3,192,1497.7,1749.3,2025-10,155,0.24
199,Daniel Rincon,23.5,1567.0,179,1536.5,190,1529.1,375,1393.8,1618.0,2026-07,206,-0.03
200,Edas Butvilas,22.0,1560.8,171,1551.3,251,1469.2,293,1436.5,1672.0,2024-09,204,-0.02
201,Thiago Seyboth Wild,26.3,1560.1,190,1530.1,179,1541.3,200,1492.2,1793.4,2024-05,202,0
202,Tomas Barrios Vera,28.6,1559.7,207,1518.4,188,1529.7,162,1534.2,1710.3,2023-07,147,0.32
203,Alex Bolt,33.5,1559.5,204,1520.1,317,1403.7,150,1542.5,1688.9,2019-03,162,0.23
204,Kimmer Coppejans,32.4,1558.1,247,1473.0,186,1532.2,218,1474.0,1697.0,2015-04,218,-0.07
205,Elmer Moller,23.0,1558.1,258,1458.5,181,1538.9,183,1508.1,1741.1,2025-04,172,0.18
206,Nicolas Moreno De Alboran,28.9,1556.6,174,1548.0,202,1517.6,245,1461.8,1687.7,2024-11,878,-1.45
207,Cedrik Marcel Stebe,35.3,1556.4,201,1523.2,177,1544.9,240,1463.3,1824.7,2017-09,382,-0.61
208,Joel Schwaerzler,20.5,1555.7,177,1540.9,228,1493.8,249,1460.1,1660.8,2026-04,150,0.33
209,Federico Cina,19.3,1555.1,195,1526.4,185,1532.5,215,1475.2,1656.0,2026-06,174,0.18
210,Thiago Monteiro,32.1,1554.3,196,1526.0,184,1534.3,234,1464.0,1748.2,2024-05,274,-0.27
211,Maxim Mrva,19.0,1553.7,189,1530.2,192,1528.1,169,1526.9,1619.4,2025-03,309,-0.38
212,Jay Dylan Hara Friend,22.6,1553.6,188,1530.3,345,1381.6,213,1476.8,1597.4,2026-07,315,-0.40
213,Lautaro Midon,22.2,1552.6,254,1464.6,183,1535.8,279,1443.3,1559.5,2026-07,193,0.10
214,Dylan Dietrich,21.8,1552.4,275,1445.1,204,1515.0,214,1476.2,1594.5,2026-08,442,-0.73
215,Mikhail Kukushkin,38.4,1551.6,198,1525.7,201,1518.4,180,1510.3,1864.2,2010-10,333,-0.44
216,Dominic Stricker,23.9,1550.5,208,1517.4,218,1501.6,156,1538.7,1798.6,2021-06,336,-0.44
217,Lukas Neumayer,23.9,1550.3,276,1445.0,193,1527.7,353,1406.7,1658.4,2026-05,171,0.24
218,Bernard Tomic,33.8,1550.1,205,1519.5,263,1458.0,168,1528.0,1947.4,2015-03,164,0.28
219,Yosuke Watanuki,28.2,1547.5,186,1530.9,239,1483.0,152,1540.6,1798.2,2023-05,416,-0.64
220,Timofey Skatov,25.5,1546.7,242,1480.7,197,1521.7,177,1514.8,1672.0,2024-07,149,0.39
221,Tristan Schoolkate,25.4,1546.1,213,1508.1,264,1457.4,160,1535.8,1703.1,2025-07,188,0.16
222,Mili Poljicak,22.0,1545.6,411,1333.9,199,1520.0,290,1437.0,1558.0,2026-07,264,-0.17
223,Vitaliy Sachko,29.0,1543.4,265,1454.9,208,1513.4,342,1411.7,1643.5,2023-07,191,0.15
224,Giles Hussey,29.0,1542.8,244,1476.5,346,1381.4,201,1491.9,1600.7,2026-06,276,-0.21
225,Jack Pinnington Jones,23.3,1542.4,199,1525.4,295,1426.0,173,1518.2,1685.0,2026-02,177,0.24
226,August Holmgren,28.2,1541.8,216,1506.4,241,1480.7,159,1536.6,1677.9,2021-09,226,0
227,Luka Pavlovic,26.3,1541.0,194,1526.6,249,1470.9,185,1506.1,1635.0,2025-07,207,0.09
228,Pol Martin Tiffon,26.9,1540.6,182,1534.5,240,1482.9,262,1451.5,1587.3,2026-05,209,0.09
229,Marc Andrea Huesler,30.0,1539.7,214,1507.4,198,1520.1,216,1475.0,1817.0,2023-02,246,-0.07
230,Max Alcala Gurri,23.9,1539.2,372,1366.9,196,1521.8,223,1469.6,1616.3,2026-06,176,0.27
231,Harold Mayot,24.4,1538.6,183,1533.9,219,1501.3,208,1484.1,1701.9,2024-06,252,-0.09
232,Gauthier Onclin,25.4,1538.4,193,1527.8,233,1487.6,204,1490.3,1591.3,2023-07,169,0.32
233,Hynek Barton,22.3,1538.4,224,1493.5,212,1509.6,225,1469.2,1585.2,2026-06,268,-0.14
234,Stefano Travaglia,34.6,1537.8,202,1522.7,227,1494.7,274,1445.2,1793.8,2021-02,140,0.51
235,Hayato Matsuoka,21.5,1537.5,210,1514.0,350,1378.7,263,1451.2,1542.5,2026-03,314,-0.29
236,Francesco Passaro,25.5,1536.8,184,1533.8,206,1514.7,316,1424.8,1779.0,2022-08,222,0.06
237,Brandon Holt,27.7,1536.8,215,1507.1,380,1353.7,184,1507.0,1725.5,2025-02,669,-1.04
238,Braden Shick,22.7,1535.3,197,1526.0,330,1394.6,269,1447.1,1572.8,2026-06,219,0.08
239,Harry Wendelken,24.6,1532.0,180,1536.4,395,1339.4,271,1446.5,1641.5,2026-04,203,0.16
240,Alejandro Moro Canas,25.6,1532.0,211,1509.1,235,1486.3,182,1508.5,1673.5,2024-07,240,0
241,Matej Dodig,21.0,1531.8,278,1442.1,215,1504.9,233,1465.0,1601.7,2024-09,251,-0.04
242,Elias Ymer,30.3,1531.4,218,1505.6,238,1483.7,194,1496.3,1751.8,2015-06,212,0.13
243,Hugo Grenier,30.3,1531.1,212,1508.7,319,1401.7,285,1440.1,1734.0,2022-09,258,-0.06
244,Florian Broska,28.6,1530.8,316,1414.0,220,1501.1,231,1465.4,1633.4,2026-07,293,-0.18
245,Henri Squire,25.8,1530.7,250,1469.1,216,1504.8,429,1369.5,1670.0,2024-06,208,0.16
246,Trevor Svajda,20.2,1530.6,220,1500.1,355,1375.3,232,1465.3,1625.4,2025-09,383,-0.44
247,Liam Broady,32.5,1530.3,217,1506.0,261,1458.6,206,1487.3,1757.4,2022-03,201,0.21
248,Daniel Milavsky,24.9,1530.3,225,1492.9,374,1358.4,203,1491.0,1549.2,2026-08,310,-0.22
249,Alexander Ritschard,31.7,1528.0,266,1454.4,170,1557.1,224,1469.4,1695.9,2024-07,592,-0.87
250,Jack Kennedy,,1527.3,326,1409.9,191,1529.0,236,1463.6,1633.6,2026-06,392,-0.45
251,Sumit Nagal,28.9,1527.2,251,1468.0,207,1513.5,370,1396.1,1745.2,2019-09,239,0.05
252,Ilya Ivashka,32.4,1526.2,223,1497.5,176,1550.8,179,1510.6,1922.5,2021-09,374,-0.39
253,Chun Hsin Tseng,25.0,1526.1,240,1481.0,209,1512.7,422,1374.1,1715.6,2022-04,269,-0.06
254,Nikolas Sanchez Izquierdo,27.4,1525.1,437,1313.4,222,1498.8,291,1437.0,1588.3,2026-06,217,0.16
255,Matheus Pucinelli De Almeida,25.3,1524.9,423,1326.8,211,1511.3,241,1463.3,1650.0,2022-03,281,-0.10
256,Gianluca Cadenasso,21.7,1521.7,369,1370.9,225,1496.8,303,1430.3,1578.5,2026-04,,
257,Gonzalo Bueno,22.3,1521.3,420,1329.3,214,1506.6,307,1428.6,1602.2,2025-11,178,0.37
258,Billy Harris,31.5,1520.7,253,1465.0,362,1369.4,147,1546.2,1711.4,2024-06,167,0.43
259,Clement Chidekh,25.1,1519.5,203,1522.1,364,1366.5,196,1494.0,1695.5,2024-03,205,0.23
260,Rodrigo Pacheco Mendez,21.2,1514.7,226,1492.0,271,1445.5,254,1457.3,1543.3,2026-04,292,-0.12
261,Colton Smith,23.4,1514.5,236,1484.2,273,1444.6,178,1512.5,1837.6,2025-06,200,0.27
262,Remy Bertola,27.9,1513.3,262,1456.1,268,1450.6,190,1499.2,1616.4,2026-06,182,0.36
263,Daniel Elahi Galan,30.1,1511.9,229,1488.0,248,1472.8,210,1482.9,1757.5,2022-09,272,-0.03
264,Rio Noguchi,27.5,1510.3,219,1500.7,450,1297.0,464,1350.2,1588.0,2026-04,213,0.21
265,Ugo Blanchet,27.5,1508.5,191,1529.1,289,1433.6,365,1398.0,1662.1,2025-08,192,0.32
266,Federico Agustin Gomez,29.7,1508.4,285,1434.4,236,1485.4,304,1430.2,1668.6,2024-09,181,0.38
267,Stefano Napolitano,31.2,1507.0,273,1446.0,221,1499.9,252,1458.4,1662.1,2024-05,229,0.15
268,Max Hans Rehberg,22.9,1505.7,230,1487.8,269,1448.0,394,1385.8,1575.0,2025-02,342,-0.24
269,Cruz Hewitt,17.6,1505.5,238,1483.4,370,1362.8,260,1452.8,1510.5,2026-07,376,-0.33
270,Arthur Bouquier,25.1,1505.4,239,1482.0,406,1332.6,284,1440.2,1732.0,2025-03,698,-0.95
271,Federico Bondioli,21.1,1502.0,450,1304.1,232,1488.1,341,1412.3,1523.6,2026-07,295,-0.08
272,Francesco Maestrelli,23.5,1498.1,187,1530.9,276,1442.8,446,1363.1,1711.4,2022-07,166,0.49
273,Federico Coria,34.3,1497.5,296,1429.4,245,1476.4,419,1375.4,1754.4,2021-07,839,-1.12
274,Nerman Fatic,31.5,1495.9,311,1417.1,242,1478.3,229,1466.2,1584.4,2023-07,417,-0.42
275,Max Houkes,26.1,1494.9,427,1322.1,243,1478.1,399,1384.1,1527.7,2026-04,242,0.13
276,Ilia Simakin,22.7,1494.4,200,1525.0,416,1325.2,268,1447.2,1679.7,2026-02,267,0.03
277,Andres Andrade,27.6,1493.6,270,1450.8,253,1468.2,315,1425.5,1584.8,2024-08,256,0.08
278,Inaki Montes De La Torre,23.8,1493.4,245,1475.8,272,1445.0,270,1446.7,1598.1,2026-06,275,0.01
279,Mees Rottgering,19.0,1492.5,256,1461.4,266,1451.0,244,1462.0,1511.3,2026-08,418,-0.40
280,Igor Ribeiro Marcondes,29.0,1492.5,312,1417.0,231,1488.5,335,1415.7,1649.4,2026-01,316,-0.12
281,Tiago Torres,24.0,1492.0,325,1410.0,282,1439.2,273,1446.0,1515.6,2026-07,352,-0.23
282,Petr Nesterov,23.4,1490.2,271,1447.6,256,1463.0,275,1445.1,1531.5,2026-08,301,-0.07
283,Felix Gill,24.1,1489.1,237,1483.7,301,1419.4,351,1407.2,1541.7,2026-06,221,0.25
284,Martin Krumich,23.5,1489.1,364,1375.4,265,1455.9,277,1444.5,1513.5,2026-05,255,0.11
285,Hyeon Chung,29.9,1488.4,257,1459.1,194,1525.7,362,1400.1,1991.8,2018-03,583,-0.72
286,Li Tu,29.9,1487.9,248,1471.1,360,1370.4,175,1516.4,1633.5,2022-10,496,-0.55
287,Marko Topo,22.8,1487.3,234,1485.3,284,1438.1,259,1452.9,1663.9,2022-04,338,-0.16
288,Timo Legout,24.2,1486.6,235,1484.4,444,1301.3,280,1443.3,1524.5,2026-06,535,-0.62
289,Stefan Dostanic,24.5,1485.4,227,1491.5,322,1399.5,281,1442.7,1604.9,2026-04,279,0.04
290,Darwin Blanch,18.8,1484.5,303,1422.5,257,1460.0,256,1456.1,1610.4,2026-04,224,0.26
291,Maks Kasnikowski,23.0,1483.5,321,1411.9,244,1477.3,202,1491.7,1652.1,2024-06,234,0.22
292,Gijs Brouwer,30.3,1481.6,260,1457.5,308,1412.3,242,1463.1,1656.6,2023-04,906,-1.13
293,Raul Brancaccio,29.2,1481.3,314,1416.3,262,1458.4,385,1389.8,1644.9,2023-01,232,0.23
294,Juan Pablo Varillas,30.8,1481.0,362,1377.3,254,1466.8,430,1368.6,1730.0,2021-10,236,0.22
295,Moise Kouame,17.3,1479.3,243,1480.0,373,1360.1,287,1439.7,1579.4,2026-05,214,0.32
296,Felipe Meligeni Alves,28.3,1476.8,306,1421.7,252,1468.6,219,1472.7,1695.3,2023-10,567,-0.65
297,Norbert Gombos,35.9,1476.5,267,1454.4,258,1459.6,326,1419.7,1753.2,2020-11,424,-0.36
298,Petr Brunclik,20.0,1474.7,286,1433.8,298,1421.0,289,1437.4,1565.2,2026-06,332,-0.11
299,Dali Blanch,23.3,1473.3,495,1253.7,260,1459.1,292,1436.6,1588.9,2026-06,313,-0.05
300,Dane Sweeny,25.4,1472.5,297,1428.2,452,1293.2,248,1460.2,1645.7,2026-02,124,0.88
301,Max Schoenhaus,19.0,1472.4,334,1405.6,281,1439.8,398,1385.2,1559.9,2026-07,318,-0.05
302,Felix Balshaw,20.1,1471.3,398,1340.8,250,1469.7,294,1435.7,1594.8,2026-06,254,0.17
303,Jacopo Vasami,18.6,1470.9,445,1309.1,286,1437.1,295,1435.4,1560.5,2026-06,371,-0.20
304,Daniil Glinka,26.2,1470.4,241,1480.8,294,1427.0,391,1387.7,1687.5,2026-02,160,0.64
305,Keegan Smith,28.0,1470.2,292,1430.7,335,1391.0,298,1432.0,1510.3,2026-06,198,0.43
306,Yu Hsiou Hsu,27.3,1468.0,268,1452.3,328,1396.5,477,1345.3,1648.0,2023-11,245,0.22
307,Hamish Stewart,26.9,1467.7,287,1432.5,392,1343.9,246,1461.5,1602.2,2025-08,345,-0.12
308,Andrej Nedic,21.8,1467.2,330,1408.2,267,1450.9,209,1483.6,1572.0,2026-06,250,0.21
309,Abedallah Shelbayh,22.7,1463.5,259,1458.2,419,1322.7,253,1457.9,1648.2,2024-02,253,0.20
310,Andrej Martin,36.8,1463.4,370,1369.4,285,1437.3,479,1344.0,1674.7,2014-08,402,-0.26
311,Mitchell Krueger,32.4,1463.2,281,1437.4,293,1428.4,317,1424.8,1653.6,2022-04,356,-0.14
312,Yasutaka Uchiyama,33.8,1462.8,293,1430.7,389,1347.5,330,1417.4,1727.5,2019-10,346,-0.10
313,Zdenek Kolar,29.8,1462.3,328,1409.5,279,1440.9,350,1407.5,1621.1,2021-09,156,0.70
314,Genaro Alberto Olivieri,27.9,1462.3,399,1340.3,277,1441.9,497,1331.6,1585.6,2023-07,225,0.33
315,Oliver Crawford,27.2,1461.9,272,1446.3,344,1382.1,267,1450.2,1580.7,2023-10,227,0.33
316,Johannus Monday,24.4,1461.9,283,1435.7,394,1341.0,346,1408.0,1559.8,2026-01,312,0.01
317,Guido Ivan Justo,28.6,1461.2,435,1316.3,275,1443.3,302,1430.6,1500.8,2026-02,233,0.31
318,David Jorda Sanchis,32.1,1460.6,466,1288.4,255,1465.5,381,1391.4,1566.6,2026-06,187,0.53
319,Lorenzo Giustino,34.8,1458.8,277,1445.0,306,1415.0,501,1325.4,1643.8,2019-06,195,0.49
320,Christoph Negritu,31.9,1458.7,302,1423.4,292,1428.7,305,1429.3,1540.2,2024-11,544,-0.53
321,James Mccabe,23.0,1458.4,310,1418.7,460,1287.8,235,1463.7,1584.1,2025-03,243,0.28
322,Calvin Hemery,31.4,1457.9,341,1396.7,259,1459.6,410,1381.1,1651.1,2015-06,326,-0.01
323,Javier Barranco Cosano,27.2,1457.4,340,1398.9,278,1441.3,297,1432.7,1581.0,2024-07,466,-0.37
324,Eliakim Coulibaly,24.1,1457.0,261,1456.6,347,1380.8,308,1428.5,1537.1,2025-05,334,-0.03
325,Marat Sharipov,23.7,1454.8,291,1430.9,311,1410.8,311,1427.4,1613.9,2025-02,399,-0.21
326,Laurent Lokoli,31.6,1454.7,333,1406.7,274,1444.0,247,1460.7,1608.2,2023-07,409,-0.23
327,Mats Rosenkranz,27.4,1453.5,301,1424.3,420,1320.2,364,1398.4,1503.3,2025-10,361,-0.10
328,Charles Broom,28.2,1452.2,282,1436.4,437,1306.8,349,1407.6,1536.4,2024-06,289,0.13
329,Franco Roncadelli,26.4,1452.2,384,1355.0,280,1440.1,404,1383.1,1552.8,2026-05,237,0.33
330,Keegan Rice,20.1,1452.0,290,1431.1,400,1336.0,313,1426.0,1482.8,2026-07,591,-0.58
331,George Loffhagen,25.0,1451.8,280,1439.8,446,1301.0,345,1408.2,1649.0,2025-07,488,-0.39
332,Dimitar Kuzmanov,32.9,1451.2,295,1429.9,312,1410.0,323,1420.5,1640.1,2021-05,387,-0.15
333,Edward Winter,21.9,1451.0,294,1430.3,402,1335.5,258,1453.0,1496.0,2026-06,355,-0.06
334,Enrico Dalla Valle,28.3,1449.1,361,1378.7,296,1425.2,318,1424.5,1543.6,2024-07,328,0.02
335,Marc Polmans,29.1,1449.0,317,1414.0,321,1400.0,243,1462.3,1618.1,2019-10,362,-0.08
336,Matias Soto,27.1,1447.2,409,1335.5,283,1438.8,320,1423.6,1487.5,2026-04,262,0.25
337,Duje Ajdukovic,25.5,1446.9,274,1445.4,299,1420.3,487,1337.4,1687.6,2024-09,304,0.10
338,Radu Albot,36.7,1446.8,300,1424.3,288,1433.8,199,1492.3,1823.4,2019-05,512,-0.42
339,Murphy Cassone,23.9,1445.8,309,1420.6,415,1327.0,390,1387.8,1684.9,2025-02,291,0.15
340,Nick Hardt,25.8,1445.1,339,1399.6,291,1428.9,319,1424.3,1619.6,2024-05,277,0.20
341,Mathys Erhard,24.7,1444.4,304,1422.5,336,1388.1,321,1422.2,1458.7,2026-08,337,0.01
342,Frederico Ferreira Silva,31.3,1444.1,252,1466.2,332,1393.2,324,1420.5,1642.4,2021-05,231,0.39
343,Yuta Shimizu,27.1,1444.1,315,1416.0,436,1308.1,306,1428.7,1590.8,2024-05,393,-0.14
344,Fajing Sun,29.8,1444.0,299,1426.6,497,1252.4,360,1401.0,1555.0,2026-05,324,0.06
345,Philip Henning,25.7,1442.5,263,1455.4,354,1375.6,220,1471.2,1559.8,2021-09,299,0.14
346,Alex Barrena,23.8,1442.5,465,1289.4,304,1418.1,377,1392.8,1596.1,2025-07,259,0.29
347,Sascha Gueymard Wayenburg,22.9,1442.2,331,1408.2,313,1408.9,397,1385.5,1563.9,2025-01,329,0.05
348,Duncan Chan,21.0,1441.8,335,1404.4,407,1330.9,322,1420.9,1467.2,2025-11,486,-0.33
349,Paul Jubb,26.6,1441.5,322,1411.1,390,1345.9,255,1456.7,1632.1,2022-03,384,-0.10
350,Ryan Peniston,30.2,1441.0,337,1402.0,377,1356.5,286,1440.0,1723.2,2022-06,454,-0.26
351,Beibit Zhukayev,25.8,1440.8,349,1389.8,359,1371.3,189,1502.4,1640.2,2023-11,425,-0.19
352,Lucas Poullain,30.6,1439.9,289,1431.4,448,1297.8,325,1420.0,1590.8,2023-10,369,-0.05
353,Joao Lucas Reis Da Silva,26.3,1439.3,408,1336.0,297,1424.9,403,1383.3,1531.3,2025-11,263,0.29
354,Paul Inchauspe,22.4,1439.0,307,1421.7,409,1329.5,327,1419.5,1507.4,2026-07,580,-0.49
355,Lilian Marmousez,24.3,1438.3,350,1389.6,307,1412.7,328,1419.2,1522.8,2026-01,388,-0.09
356,Benjamin Hassan,31.4,1438.3,354,1384.4,270,1446.2,334,1415.9,1680.2,2023-10,514,-0.37
357,Buvaysar Gadamauri,26.0,1437.9,336,1403.7,324,1398.6,329,1418.9,1592.8,2026-05,257,0.33
358,Mika Brunold,21.7,1434.9,298,1427.8,349,1378.9,331,1417.4,1510.9,2025-07,423,-0.17
359,Yi Zhou,21.3,1434.9,327,1409.9,458,1288.3,237,1463.6,1610.1,2026-01,244,0.39
360,Kenta Miyoshi,22.3,1434.8,320,1412.8,414,1327.4,332,1417.4,1512.8,2025-11,495,-0.32
361,Nicolas Kicker,33.9,1432.9,371,1369.3,303,1419.1,438,1365.9,1706.2,2018-05,366,-0.01
362,Jason Jung,37.0,1431.5,342,1394.9,367,1364.3,299,1431.6,1661.3,2018-03,908,-0.92
363,Juan Manuel La Serna,22.3,1430.4,383,1355.7,305,1415.3,336,1415.2,1485.9,2026-06,288,0.23
364,Jay Clarke,27.9,1430.3,332,1406.8,343,1383.1,495,1331.9,1617.4,2018-07,241,0.41
365,Ivan Gakhov,29.4,1430.2,353,1386.6,341,1384.3,392,1386.6,1659.6,2023-05,478,-0.27
366,Jamie Mackenzie,,1429.4,419,1331.4,290,1429.1,420,1375.0,1500.0,2026-07,581,-0.46
367,Aziz Dougaz,29.3,1426.1,319,1413.1,342,1383.1,434,1366.7,1555.3,2020-02,629,-0.54
368,Andrea Collarini,34.3,1426.0,428,1322.1,310,1410.9,493,1333.4,1572.5,2019-09,375,-0.02
369,Miguel Damas,26.5,1425.3,397,1342.4,325,1397.9,338,1412.7,1466.4,2026-04,302,0.20
370,Sandro Kopp,26.1,1424.7,426,1322.7,314,1408.4,339,1412.4,1547.1,2025-11,280,0.28
371,Oriol Roca Batalla,33.2,1420.7,373,1365.3,326,1397.1,423,1371.5,1554.6,2024-06,351,0.06
372,Stefan Kozlov,28.5,1417.4,348,1389.9,334,1391.4,343,1408.5,1724.4,2022-02,296,0.23
373,Henry Bernet,19.4,1416.6,404,1338.3,318,1402.5,344,1408.3,1537.6,2025-11,436,-0.16
374,Max Basing,23.8,1416.5,425,1324.0,422,1318.3,198,1493.0,1535.7,2026-07,248,0.41
375,Juan Bautista Torres,24.3,1416.1,442,1310.1,323,1399.3,347,1408.0,1586.6,2022-07,271,0.32
376,Cezar Cretu,25.2,1415.5,344,1393.2,339,1386.2,348,1407.7,1549.2,2026-06,266,0.35
377,Olle Wallin,24.7,1414.0,436,1314.7,309,1411.3,352,1407.0,1488.2,2025-07,415,-0.10
378,Hernan Casanova,32.4,1413.7,482,1273.1,320,1400.3,417,1376.0,1474.0,2022-09,340,0.11
379,Daniel Masur,31.4,1413.4,356,1382.5,337,1387.3,357,1402.2,1621.9,2021-03,397,-0.05
380,Franco Agamenone,33.3,1412.9,424,1326.1,333,1391.8,488,1335.4,1707.6,2021-10,265,0.36
381,Carlos Sanchez Jover,26.0,1412.7,478,1276.6,329,1394.9,354,1406.3,1440.5,2023-09,360,0.06
382,Hady Habib,27.4,1411.6,374,1364.1,287,1435.4,301,1431.0,1624.9,2025-05,706,-0.61
383,Justin Engel,18.6,1411.4,323,1410.5,423,1317.8,296,1434.8,1607.8,2025-11,297,0.25
384,Marek Gengel,30.3,1410.6,363,1377.3,490,1260.0,439,1364.9,1505.8,2023-01,385,0
385,Blake Ellis,27.4,1409.3,355,1384.4,428,1314.6,355,1404.6,1501.3,2026-03,477,-0.21
386,Tibo Colson,25.7,1408.7,385,1351.6,381,1352.5,356,1404.4,1422.6,2026-04,519,-0.30
387,Matteo Martineau,27.5,1403.7,329,1408.9,424,1317.8,400,1384.1,1624.5,2024-02,286,0.30
388,Daniel Michalski,26.5,1403.5,324,1410.1,371,1361.7,261,1451.8,1590.8,2020-02,330,0.16
389,Khumoun Sultanov,27.7,1403.5,343,1393.4,466,1283.0,340,1412.4,1553.9,2025-02,,
390,Quinn Vandecasteele,23.9,1403.4,352,1387.6,431,1311.7,448,1362.2,1424.3,2026-08,483,-0.21
391,Moez Echargui,33.5,1403.4,366,1374.4,399,1336.1,337,1413.0,1647.0,2025-09,197,0.69
392,Gabriele Piraino,22.7,1402.9,479,1276.4,331,1394.5,359,1401.4,1420.8,2026-08,321,0.20
393,Alvaro Guillen Meza,23.5,1402.9,504,1238.6,358,1372.8,409,1381.4,1627.0,2025-11,283,0.33
394,Tung Lin Wu,28.1,1402.5,367,1373.6,302,1419.3,451,1360.6,1605.0,2023-04,370,0.06
395,Pedro Boscardin Dias,23.5,1402.5,511,1233.5,356,1374.7,405,1383.1,1532.2,2026-04,278,0.35
396,Florent Bax,27.1,1402.4,351,1387.6,368,1364.1,412,1378.6,1474.2,2026-01,247,0.47
397,Alexander Donski,28.0,1402.3,284,1435.4,417,1324.4,264,1451.1,1558.6,2021-09,502,-0.23
398,Andres Martin,25.0,1401.3,346,1390.6,396,1338.2,265,1450.7,1603.6,2022-07,320,0.22
399,Gonzalo Villanueva,31.5,1399.8,469,1285.5,340,1386.1,363,1399.9,1454.7,2022-05,322,0.21
400,Antoine Ghibaudo,21.5,1397.0,380,1356.3,338,1386.8,374,1394.5,1518.9,2025-09,341,0.16
401,Filippo Romano,21.0,1394.7,269,1451.5,429,1312.9,383,1390.4,1533.1,2026-06,306,0.27
402,Milos Karol,23.5,1393.1,414,1333.2,365,1365.7,367,1396.6,1457.6,2025-10,487,-0.19
403,Francesco Forti,27.0,1393.1,430,1320.9,361,1369.6,368,1396.6,1478.8,2019-07,363,0.10
404,Ognjen Milic,19.1,1392.8,347,1390.5,357,1373.7,272,1446.4,1513.8,2026-03,343,0.16
405,Sergey Fomin,25.5,1392.6,377,1360.2,352,1377.0,369,1396.3,1507.2,2026-04,308,0.27
406,Alex Martinez,25.3,1391.9,410,1335.5,327,1396.6,371,1395.9,1501.5,2024-07,367,0.10
407,Thomas Faurel,20.5,1391.6,432,1319.8,372,1360.8,372,1395.8,1502.6,2026-06,331,0.21
408,Yanki Erel,25.8,1390.1,359,1379.7,471,1281.3,413,1377.7,1467.9,2022-07,282,0.37
409,Gilles Arnaud Bailly,20.8,1389.3,318,1413.7,384,1351.2,361,1400.6,1665.9,2026-01,230,0.58
410,Jakub Paul,27.0,1389.2,400,1340.1,388,1347.6,373,1394.6,1506.3,2025-08,808,-0.68
411,Niels Mcdonald,18.5,1387.2,488,1264.9,351,1377.3,376,1393.6,1409.9,2026-07,531,-0.26
412,Jonas Forejtek,25.2,1386.8,417,1332.9,369,1363.5,416,1376.4,1614.5,2022-05,372,0.10
413,Eero Vasa,29.4,1385.2,406,1336.7,363,1369.4,282,1442.6,1415.6,2016-03,468,-0.13
414,Rudolf Molleker,25.7,1384.4,401,1339.6,353,1376.2,449,1361.5,1712.9,2019-06,481,-0.15
415,Samir Banerjee,22.1,1383.9,376,1361.0,443,1302.0,379,1392.0,1472.4,2025-09,494,-0.17
416,Jie Cui,28.5,1380.2,379,1356.7,499,1248.0,384,1390.1,1491.5,2025-05,459,-0.10
417,Dan Added,27.3,1379.6,375,1363.0,483,1266.1,457,1355.7,1565.5,2025-11,223,0.63
418,Akira Santillan,29.1,1378.5,378,1358.5,418,1322.8,469,1347.9,1658.6,2017-08,290,0.37
419,Tom Paris,23.7,1377.4,382,1355.9,427,1316.7,386,1388.7,1497.2,2025-11,455,-0.08
420,Andres Santamarta Roig,19.4,1377.0,458,1298.5,378,1355.0,387,1388.5,1477.7,2026-06,758,-0.59
421,Ivan Marrero Curbelo,27.8,1376.4,422,1327.9,366,1364.7,388,1388.2,1407.0,2026-08,354,0.17
422,Philip Sekulic,22.8,1373.6,390,1346.1,484,1265.6,468,1348.7,1533.1,2024-07,307,0.32
423,Petr Bar Biryukov,24.4,1372.8,365,1375.2,441,1304.5,474,1346.5,1488.1,2025-10,273,0.44
424,Alexander Vasilev,19.2,1372.8,461,1296.4,412,1327.6,393,1386.4,1531.6,2026-03,572,-0.30
425,Alfredo Perez,28.4,1371.6,413,1333.4,348,1379.7,395,1385.8,1451.2,2025-10,670,-0.46
426,James Trotter,26.9,1371.1,402,1339.6,403,1334.8,444,1363.3,1658.1,2025-01,437,-0.03
427,Mert Alkaya,26.1,1369.9,387,1350.5,410,1329.4,380,1391.8,1499.5,2026-04,298,0.36
428,Alastair Gray,28.0,1368.5,421,1328.2,451,1294.3,396,1385.8,1526.5,2024-01,270,0.46
429,Stefan Palosi,26.4,1368.3,462,1294.1,386,1351.1,401,1384.1,1405.5,2026-02,407,0.05
430,Dmitry Popko,29.6,1367.7,345,1390.9,425,1317.2,510,1314.1,1631.7,2020-01,673,-0.45
431,Gerard Campana Lee,21.8,1367.5,418,1331.7,411,1327.7,402,1383.7,1510.2,2023-07,546,-0.24
432,Luciano Emanuel Ambrogi,22.7,1366.2,509,1234.2,379,1353.9,406,1383.1,1436.0,2026-06,319,0.30
433,Facundo Mena,33.8,1365.5,460,1296.6,375,1358.1,472,1347.4,1616.9,2019-09,344,0.23
434,Tommaso Compagnucci,26.7,1365.3,503,1239.2,382,1352.2,407,1382.7,1405.9,2026-06,364,0.18
435,Justin Boulais,24.7,1364.2,405,1337.3,454,1292.1,408,1382.1,1416.6,2023-07,398,0.09
436,Aidan Mayo,23.2,1363.6,396,1342.8,440,1304.6,389,1388.0,1541.1,2024-11,616,-0.35
437,Alan Magadan,25.1,1360.5,412,1333.5,408,1330.7,411,1380.3,1403.1,2026-07,561,-0.25
438,Filip Cristian Jianu,24.8,1359.0,464,1291.3,398,1336.6,494,1332.3,1578.5,2019-09,284,0.43
439,Geoffrey Blancaneaux,27.9,1358.3,381,1356.3,391,1345.8,517,1307.2,1591.5,2023-05,365,0.18
440,Tyler Zink,25.5,1356.8,403,1338.8,462,1286.5,442,1364.4,1473.9,2025-10,325,0.30
441,Manas Dhamne,18.6,1355.6,393,1344.1,397,1337.6,310,1427.8,1534.7,2026-04,368,0.18
442,Murkel Alejandro Dellien Velasco,28.8,1354.8,391,1345.3,393,1343.8,456,1356.3,1602.5,2022-01,335,0.28
443,Nicolas Alvarez Varona,25.0,1353.4,357,1382.0,445,1301.2,414,1376.7,1526.2,2022-11,709,-0.47
444,Juan Pablo Ficovich,29.4,1352.4,389,1347.6,383,1352.1,491,1333.6,1597.4,2020-10,350,0.24
445,Michael Geerts,31.5,1352.3,395,1343.4,432,1311.6,505,1319.8,1540.6,2023-03,348,0.25
446,Ioannis Xilas,25.1,1351.7,394,1343.8,387,1348.4,314,1425.8,1652.3,2025-08,391,0.13
447,Alex Rybakov,29.2,1351.7,444,1309.8,435,1310.5,366,1397.0,1516.5,2022-07,507,-0.13
448,Pierluigi Basile,19.5,1350.9,514,1228.0,385,1351.2,418,1375.5,1426.9,2025-06,634,-0.35
449,Niels Visker,24.7,1343.5,386,1351.0,461,1286.7,470,1347.9,1420.6,2026-06,428,0.05
450,Hiroki Moriya,35.7,1343.1,439,1311.0,498,1250.0,467,1348.8,1584.0,2012-12,517,-0.14
451,Cannon Kingsley,24.9,1342.3,392,1344.5,487,1262.4,424,1371.1,1468.0,2023-09,430,0.05
452,Luca Potenza,25.9,1342.1,434,1317.3,449,1297.1,425,1371.0,1470.3,2022-06,482,-0.06
453,Sergio Callejon Hernando,21.7,1340.3,449,1304.4,430,1311.8,427,1370.1,1418.7,2026-03,421,0.07
454,Lucio Ratti,22.5,1340.3,477,1278.2,404,1333.8,426,1370.2,1406.9,2026-06,389,0.15
455,Juan Cruz Martin Manzano,21.6,1339.7,475,1279.8,413,1327.6,428,1369.8,1409.8,2026-07,411,0.10
456,Alberto Barroso Campos,30.0,1337.8,429,1321.0,493,1256.4,452,1360.1,1363.1,2025-11,620,-0.31
457,Mae Malige,19.9,1336.9,446,1308.6,510,1229.1,431,1368.4,1435.8,2025-10,588,-0.25
458,Maximus Jones,21.8,1336.7,443,1310.1,433,1310.8,432,1368.4,1524.4,2025-04,438,0.04
459,Oleg Prihodko,28.7,1334.8,368,1372.9,478,1273.1,433,1367.4,1514.0,2021-12,396,0.15
460,Michele Ribecai,23.4,1333.4,454,1300.7,459,1288.3,435,1366.7,1437.5,2026-06,260,0.57
461,Alejo Sanchez Quilez,21.0,1333.3,438,1312.9,457,1288.4,436,1366.6,1390.8,2026-03,446,0.03
462,Gabi Adrian Boitan,27.0,1332.6,463,1293.7,405,1332.9,333,1416.3,1488.6,2022-03,441,0.05
463,Koki Matsuda,25.7,1332.3,440,1310.7,473,1276.2,437,1366.2,1392.0,2026-08,451,0.03
464,Corentin Denolly,28.8,1331.3,484,1271.4,453,1292.5,460,1352.3,1455.6,2025-03,443,0.05
465,Viktor Durasovic,29.3,1330.1,415,1333.1,482,1268.3,515,1308.8,1494.2,2025-02,457,0.02
466,Semen Pankin,26.9,1329.8,433,1319.3,474,1274.9,440,1364.9,1417.6,2026-05,426,0.09
467,Santiago Fa Rodriguez Taverna,26.9,1329.4,470,1285.5,421,1320.2,461,1351.5,1672.6,2022-01,405,0.14
468,Conner Huertas Del Pino,30.5,1329.3,447,1307.1,434,1310.7,441,1364.6,1393.4,2026-06,642,-0.32
469,Denis Yevseyev,33.2,1329.0,407,1336.7,447,1298.7,421,1374.4,1565.7,2024-01,444,0.05
470,Federico Arnaboldi,25.9,1328.2,455,1300.0,456,1289.0,492,1333.6,1623.0,2024-08,523,-0.11
471,Masamichi Imamura,27.7,1327.7,457,1299.0,477,1273.8,443,1363.8,1394.5,2024-11,422,0.11
472,Karim Bennani,18.7,1326.7,388,1349.1,485,1263.3,445,1363.3,1522.8,2026-04,450,0.05
473,Kaichi Uchida,31.8,1325.6,448,1305.8,465,1284.1,498,1331.4,1571.8,2023-02,261,0.59
474,Jacopo Berrettini,27.2,1325.4,493,1257.8,401,1335.8,447,1362.7,1592.3,2024-05,568,-0.18
475,Luis Guto Miguel,17.1,1322.0,487,1267.1,426,1317.1,450,1361.0,1351.0,2026-05,850,-0.58
476,Neil Oberleitner,26.4,1319.6,468,1286.4,479,1271.8,453,1359.8,1378.0,2024-07,662,-0.33
477,Valerio Aboian,24.1,1318.7,519,1219.2,439,1305.8,454,1359.3,1374.3,2026-06,434,0.09
478,Eduardo Ribeiro,28.3,1317.8,507,1237.4,438,1305.9,455,1358.9,1463.2,2026-03,378,0.23
479,Karl Poling,26.8,1313.7,431,1320.3,516,1216.4,508,1315.2,1328.1,2026-06,491,-0.02
480,Dan Martin,26.9,1313.2,480,1276.1,475,1274.7,500,1328.7,1374.1,2025-11,636,-0.28
481,Jelle Sels,30.8,1312.5,416,1333.0,468,1282.7,545,1252.5,1640.8,2022-11,533,-0.10
482,Robin Bertrand,23.3,1309.8,441,1310.2,517,1216.1,458,1354.9,1540.9,2024-07,373,0.26
483,Olukayode Alafia Damina Ayeni,26.8,1308.0,452,1302.1,519,1212.6,513,1310.3,1374.8,2022-10,460,0.05
484,Pietro Fellin,24.9,1308.0,459,1297.0,507,1233.4,459,1354.0,1419.7,2026-02,539,-0.11
485,Daniel Dutra Da Silva,37.9,1307.0,512,1232.2,469,1282.2,485,1339.6,1519.5,2009-02,453,0.07
486,Sasi Kumar Mukund,29.3,1305.7,472,1281.1,505,1241.0,506,1316.2,1498.8,2019-02,586,-0.19
487,Blaise Bicknell,24.6,1303.9,474,1280.2,467,1282.7,358,1402.0,1587.2,2024-02,379,0.25
488,Garrett Johns,25.6,1303.3,471,1281.9,476,1274.6,463,1350.5,1534.5,2025-08,390,0.22
489,Tai Sach,23.8,1302.6,481,1274.7,488,1261.3,462,1351.3,1436.6,2026-02,518,-0.06
490,Johan Nikles,29.3,1300.3,489,1263.8,463,1286.1,465,1350.1,1535.7,2022-06,420,0.15
491,Juan Alejandro Hernandez Serrano,27.0,1299.0,456,1299.5,509,1230.0,466,1349.5,1315.8,2026-04,470,0.04
492,Omar Jasika,28.9,1295.9,483,1271.9,502,1244.9,547,1242.5,1669.1,2017-02,447,0.10
493,Robert Strombachs,26.6,1294.4,467,1287.2,494,1255.8,473,1347.2,1479.9,2025-05,449,0.09
494,Carl Emil Overbeck,24.6,1292.9,485,1271.2,492,1256.5,475,1346.5,1413.1,2025-11,323,0.42
495,Maxime Janvier,29.6,1291.8,476,1278.9,491,1258.1,509,1314.8,1601.5,2019-09,566,-0.13
496,Samuele Pieri,24.4,1290.8,494,1255.4,480,1270.3,476,1345.4,1322.8,2026-08,386,0.25
497,Tsung Hao Huang,26.6,1289.7,486,1270.1,503,1243.3,478,1344.9,1406.7,2023-10,632,-0.24
498,Patrick Zahraj,26.9,1288.4,453,1301.1,515,1216.9,486,1339.4,1596.7,2025-03,413,0.19
499,Maxime Chazal,33.1,1287.7,506,1237.5,495,1253.5,480,1343.8,1382.8,2015-09,469,0.06
500,Alexandr Binda,24.8,1286.5,501,1242.0,442,1302.1,481,1343.3,1450.9,2025-07,557,-0.11
501,Kasidit Samrej,25.5,1285.1,491,1258.5,376,1356.7,378,1392.5,1424.3,2019-04,412,0.20
502,Juan Estevez,20.7,1284.3,496,1252.2,472,1276.7,482,1342.2,1350.7,2026-06,339,0.39
503,Svyatoslav Gulin,23.5,1284.0,499,1246.4,481,1268.7,483,1342.0,1402.2,2023-11,576,-0.14
504,Joaquin  Aguilar Cardozo,21.2,1281.4,451,1302.5,464,1284.6,382,1390.7,1554.4,2023-09,,
505,Adria Soriano Barrera,26.7,1279.6,473,1280.9,512,1225.5,484,1339.8,1429.0,2025-07,707,-0.34
506,Tiago Pereira,22.1,1277.9,490,1258.7,504,1243.3,521,1305.1,1406.9,2025-08,349,0.37
507,Miguel Tobon,20.1,1273.4,510,1234.1,470,1281.6,471,1347.6,1600.3,1995-09,499,0.02
508,Yusuke Takahashi,28.6,1267.7,500,1243.3,486,1262.5,489,1333.9,1451.5,2018-01,679,-0.29
509,Raphael Perot,24.9,1267.6,513,1230.8,489,1261.2,490,1333.8,1293.7,2026-06,353,0.37
510,Christian Langmo,30.1,1263.6,497,1251.3,543,1139.3,496,1331.8,1411.8,2023-04,464,0.09
511,Constantin Bittoun Kouzmine,27.5,1262.8,498,1248.0,523,1199.1,499,1331.4,1296.0,2026-07,429,0.17
512,Max Wiskandt,24.3,1262.7,515,1226.1,496,1253.1,522,1304.1,1454.0,2025-04,377,0.31
513,Saba Purtseladze,24.9,1257.8,492,1258.1,526,1188.4,518,1307.0,1466.8,2025-05,646,-0.23
514,Arda Azkara,23.3,1257.2,505,1238.1,506,1238.6,511,1312.2,1352.0,2026-06,842,-0.49
515,Bor Artnak,21.9,1253.3,502,1241.0,455,1290.2,415,1376.7,1587.4,2022-09,448,0.14
516,Pedro Sakamoto,32.9,1244.8,508,1236.2,511,1228.9,502,1322.4,1495.6,2019-05,506,0.02
517,Mateus Alves,25.2,1244.5,540,1146.2,500,1246.9,503,1322.3,1422.1,2024-11,414,0.22
518,San Hui Sin,29.3,1241.9,518,1220.2,508,1231.0,504,1321.0,1314.1,2025-08,489,0.06
519,Aryan Shah,20.6,1231.9,517,1224.1,513,1224.4,507,1315.9,1524.6,2025-07,976,-0.63
520,Renta Tokuda,28.0,1223.7,523,1196.6,533,1173.1,512,1311.8,1380.8,2018-05,456,0.13
521,Filip Peliwo,32.5,1223.2,522,1198.7,501,1246.4,536,1275.4,1570.6,2014-04,555,-0.06
522,Dominik Palan,25.8,1220.3,521,1201.6,524,1198.3,514,1310.1,1441.5,2023-07,504,0.04
523,Carlo Alberto Caniato,20.7,1216.6,524,1196.2,520,1209.0,516,1308.3,1451.2,2025-09,,
524,Vadym Ursu,29.6,1212.3,525,1191.4,538,1162.3,532,1285.1,1281.3,2025-11,408,0.25
525,Tomasz Berkieta,20.0,1211.6,516,1225.4,536,1167.5,519,1305.8,1302.8,2025-11,541,-0.03
526,Moerani Bouzige,26.7,1210.6,528,1179.6,518,1215.3,520,1305.3,1416.7,2024-12,458,0.14
527,Joao Eduardo Schiessl,21.7,1201.5,531,1173.9,521,1203.0,523,1300.7,1394.0,2025-10,537,-0.02
528,Carlos Maria Zarate,,1199.9,520,1212.2,527,1187.0,524,1300.0,1301.9,2025-10,394,0.29
529,Lorenzo Joaquin Rodriguez,26.7,1193.3,533,1172.8,530,1184.1,525,1296.7,1362.4,2024-04,463,0.13
530,Luca Castelnuovo,29.4,1185.0,536,1161.9,537,1167.0,534,1282.5,1285.6,2026-02,452,0.16
531,Kokoro Isomura,23.5,1181.8,538,1152.7,522,1200.9,526,1290.9,1428.8,2024-11,571,-0.07
532,Ryan Dickerson,29.0,1180.8,532,1173.8,528,1186.9,527,1290.4,1234.9,2026-05,677,-0.24
533,Juan Sebastian Gomez,34.3,1180.6,527,1181.2,535,1168.0,528,1290.3,1319.2,2017-09,582,-0.09
534,Sidharth Rawat,33.3,1179.8,539,1149.7,525,1189.9,529,1289.9,1314.7,2022-02,538,-0.01
535,Ivan Ivanov,17.7,1179.5,526,1188.0,549,1102.0,531,1285.7,1209.5,2026-07,542,-0.01
536,Andrew Fenty,26.4,1175.9,537,1158.0,529,1186.2,530,1288.0,1297.0,2026-01,401,0.29
537,Sebastian Gima,24.1,1167.1,544,1137.2,534,1170.1,533,1283.6,1251.0,2025-08,543,-0.01
538,Paulo Andre Saraiva Dos Santos,25.9,1154.1,534,1166.2,540,1143.8,535,1277.0,1327.3,2026-03,528,0.02
539,Lorenzo Carboni,20.4,1142.4,548,1114.3,542,1140.1,538,1271.2,1325.2,2023-08,490,0.10
540,Mitsuki Wei Kang Leong,21.9,1141.8,542,1141.0,531,1180.9,548,1235.5,1291.1,2024-09,550,-0.02
541,Samuel Heredia,20.0,1141.1,535,1166.2,544,1136.0,539,1270.6,1192.9,2024-06,653,-0.19
542,Mika Petkovic,19.6,1138.2,543,1137.3,541,1141.4,540,1269.1,1213.8,2025-05,435,0.22
543,Nicolas Villalon,22.3,1135.4,529,1177.7,546,1127.6,541,1267.7,1217.7,2026-04,703,-0.26
544,Takuya Kumasaka,27.8,1130.2,547,1115.3,532,1175.1,542,1265.1,1217.1,2025-10,556,-0.02
545,Bruno Fernandez,21.9,1130.0,530,1175.0,548,1117.3,543,1265.0,1363.7,2026-02,651,-0.18
546,Tristan Mccormick,27.2,1125.6,546,1118.6,547,1124.5,551,1232.3,1286.0,2023-06,658,-0.19
547,Karan Singh,23.0,1114.9,550,1073.1,514,1218.2,544,1257.4,1339.8,2025-02,607,-0.10
548,Jake Delaney,28.9,1103.0,549,1088.3,545,1131.7,546,1251.5,1252.3,2025-11,358,0.43
549,Digvijaypratap Singh,26.1,1069.7,552,1047.5,539,1146.1,549,1234.9,1193.8,2023-09,534,0.03
550,Santiago De La Fuente,24.3,1066.2,541,1143.1,551,1063.0,550,1233.1,1198.3,2022-04,748,-0.31
551,Aziz Ouakaa,27.0,1050.2,551,1066.0,550,1094.3,537,1275.1,1480.4,2021-11,500,0.10
552,Maximo Zeitune,19.2,1043.6,545,1131.8,552,1032.8,552,1221.8,1229.7,2026-01,645,-0.16
