elo_rank,player,age,elo,helo_rank,helo,celo_rank,celo,gelo_rank,gelo,peak_elo,peak_month,wta_rank,log_diff
1,Aryna Sabalenka,28.2,2194.6,1,2179.4,1,2090.4,1,1976.2,2271.7,2026-04,1,0
2,Elena Rybakina,27.1,2125.8,2,2114.5,5,2003.3,5,1885.6,2199.5,2026-04,2,0
3,Iga Swiatek,25.1,2104.2,3,2068.2,2,2028.2,3,1926.6,2291.0,2024-07,5,-0.51
4,Coco Gauff,22.3,2088.1,5,2045.5,3,2026.8,6,1874.2,2155.7,2024-01,4,0
5,Jessica Pegula,32.4,2086.3,4,2045.9,8,1936.3,4,1911.3,2116.1,2026-04,3,0.51
6,Marta Kostyuk,24.0,2063.4,8,1973.0,6,1995.5,11,1825.5,2079.0,2026-06,11,-0.61
7,Elina Svitolina,31.8,2054.9,6,1991.4,7,1987.0,10,1834.9,2120.6,2018-05,9,-0.25
8,Mirra Andreeva,19.2,2040.6,9,1969.0,4,2017.7,16,1789.9,2159.2,2025-03,6,0.29
9,Linda Noskova,21.7,2033.5,11,1928.9,15,1840.7,2,1932.7,2054.3,2026-06,8,0.12
10,Naomi Osaka,28.7,2012.2,10,1943.4,9,1898.5,9,1835.1,2193.3,2021-03,13,-0.26
11,Belinda Bencic,29.3,2012.1,7,1973.6,13,1860.0,13,1815.5,2100.0,2015-09,12,-0.09
12,Alexandra Eala,21.1,1983.8,13,1924.1,57,1721.5,7,1850.2,1997.1,2026-08,20,-0.51
13,Madison Keys,31.4,1971.3,14,1902.1,10,1886.0,8,1839.4,2090.1,2016-08,24,-0.61
14,Karolina Muchova,29.8,1969.4,12,1925.7,25,1784.1,14,1796.8,2103.5,2026-06,7,0.69
15,Sorana Cirstea,36.3,1943.9,15,1900.4,14,1849.4,38,1696.6,1972.4,2026-05,19,-0.24
16,Diana Shnaider,22.3,1931.5,17,1884.4,12,1861.1,33,1719.7,1976.1,2024-08,14,0.13
17,Iva Jovic,18.6,1919.7,22,1850.6,20,1799.8,12,1820.8,1951.1,2026-02,16,0.06
18,Elise Mertens,30.7,1918.6,20,1857.9,16,1823.3,17,1787.8,2042.7,2021-04,22,-0.20
19,Anna Kalinskaya,27.6,1913.0,19,1869.4,18,1807.3,26,1736.9,1948.6,2024-04,21,-0.10
20,Amanda Anisimova,24.9,1912.7,18,1877.3,36,1750.9,19,1769.7,2086.9,2025-11,10,0.69
21,Barbora Krejcikova,30.6,1903.8,21,1851.1,46,1733.1,15,1796.1,2054.4,2021-08,26,-0.21
22,Victoria Mboko,19.7,1895.9,16,1896.3,40,1746.1,57,1651.6,2093.8,2026-03,17,0.26
23,Anastasia Potapova,25.3,1884.1,32,1795.8,11,1871.4,49,1664.2,1944.4,2026-05,25,-0.08
24,Sonay Kartal,24.3,1874.0,23,1832.6,124,1602.3,30,1731.6,1879.9,2026-03,124,-1.64
25,Karolina Pliskova,34.3,1873.4,26,1811.0,17,1807.8,22,1758.7,2089.1,2020-01,57,-0.82
26,Marie Bouzkova,28.0,1867.6,34,1795.0,22,1797.2,21,1760.3,1958.3,2022-10,27,-0.04
27,Ekaterina Alexandrova,31.7,1861.4,25,1818.9,41,1745.2,24,1749.1,1977.2,2020-02,18,0.41
28,Emma Navarro,25.2,1852.0,57,1751.5,24,1787.1,23,1757.9,2002.7,2024-08,28,0
29,Jelena Ostapenko,29.1,1849.9,38,1784.8,19,1805.7,20,1767.7,2029.5,2017-10,30,-0.03
30,Caty Mcnally,24.6,1845.0,50,1761.5,34,1760.5,31,1724.5,1852.9,2026-08,70,-0.85
31,Hailey Baptiste,24.5,1843.9,41,1780.5,30,1770.5,68,1631.6,1860.4,2026-05,33,-0.06
32,Maria Sakkari,31.0,1840.9,24,1819.4,31,1768.6,48,1664.7,2067.5,2022-03,32,0
33,Taylor Townsend,30.2,1838.8,27,1810.9,45,1737.8,73,1622.3,1850.4,2026-05,94,-1.05
34,Ashlyn Krueger,22.2,1836.5,55,1752.2,67,1700.8,18,1770.3,1896.7,2025-02,56,-0.50
35,Liudmila Samsonova,27.7,1836.1,37,1786.2,38,1748.6,29,1732.0,1984.3,2023-10,43,-0.21
36,Emma Raducanu,23.5,1834.0,43,1772.9,52,1726.8,25,1742.6,1998.0,2021-08,59,-0.49
37,Katerina Siniakova,30.2,1832.1,35,1792.4,59,1715.1,34,1718.4,1950.5,2017-01,44,-0.17
38,Qinwen Zheng,23.8,1829.0,28,1807.6,21,1799.8,85,1603.0,2098.3,2024-11,127,-1.21
39,Jasmine Paolini,30.4,1828.6,39,1784.2,32,1767.9,37,1697.8,2058.1,2025-10,15,0.96
40,Alina Korneeva,19.1,1826.1,29,1803.7,87,1668.4,67,1632.6,1832.1,2026-08,75,-0.63
41,Paula Badosa,28.6,1825.0,44,1770.4,29,1772.1,52,1662.3,2078.1,2022-01,84,-0.72
42,Jaqueline Cristian,28.0,1824.5,31,1798.4,43,1741.4,145,1521.6,1855.2,2026-05,40,0.05
43,Kristina Liutova,16.4,1823.5,40,1783.4,75,1686.2,96,1586.7,1823.5,2026-07,129,-1.10
44,Elena Gabriela Ruse,28.7,1822.8,62,1742.3,56,1722.7,27,1735.6,1855.8,2026-06,74,-0.52
45,Olga Danilovic,25.0,1819.1,66,1739.8,23,1796.1,63,1639.9,1883.7,2025-05,276,-1.81
46,Daria Snigur,24.3,1816.4,42,1774.9,100,1642.0,43,1680.4,1831.3,2026-07,45,0.02
47,Leylah Fernandez,23.9,1816.1,30,1798.5,64,1707.3,58,1647.0,1977.3,2022-03,31,0.42
48,Nikola Bartunkova,20.4,1814.8,56,1751.6,69,1699.3,36,1707.3,1827.8,2026-08,39,0.21
49,Varvara Gracheva,25.6,1809.9,49,1763.2,66,1701.4,62,1641.3,1840.6,2026-02,106,-0.77
50,Tereza Valentova,19.4,1806.3,36,1787.1,35,1757.3,69,1630.4,1939.6,2026-02,64,-0.25
51,Daria Kasatkina,29.2,1802.8,48,1763.3,27,1773.3,46,1673.2,2036.5,2018-03,68,-0.29
52,Magda Linette,34.4,1798.5,60,1747.3,37,1748.8,60,1643.1,1866.6,2023-02,62,-0.18
53,Elisabetta Cocciaretto,25.5,1796.5,46,1769.4,62,1708.4,51,1662.9,1858.1,2026-04,60,-0.12
54,Maja Chwalinska,24.8,1796.1,78,1710.0,26,1782.2,111,1568.6,1833.2,2026-05,23,0.85
55,Camila Osorio,24.6,1795.7,47,1766.9,54,1725.0,79,1616.0,1852.0,2023-06,55,0
56,Mccartney Kessler,27.0,1790.4,52,1760.1,90,1664.6,44,1680.2,1933.3,2025-03,58,-0.04
57,Donna Vekic,30.0,1787.9,72,1720.6,42,1744.1,35,1709.0,1947.0,2019-08,34,0.52
58,Katie Volynets,24.5,1787.3,67,1737.8,58,1715.8,42,1683.6,1828.5,2024-06,89,-0.43
59,Anhelina Kalinina,29.4,1787.0,75,1714.5,28,1773.1,72,1623.2,1890.8,2022-06,51,0.15
60,Mayar Sherif,30.2,1785.7,172,1555.1,33,1767.8,140,1534.0,1863.6,2023-06,49,0.20
61,Lilli Tagger,18.4,1784.5,33,1795.3,99,1642.2,143,1524.1,1845.8,2026-04,48,0.24
62,Katie Boulter,30.0,1783.5,58,1751.0,84,1671.6,39,1692.8,1894.3,2024-03,71,-0.14
63,Dayana Yastremska,26.1,1783.4,68,1728.8,53,1726.8,53,1660.2,1978.4,2019-02,107,-0.53
64,Sara Bejlek,20.5,1782.4,53,1759.6,50,1727.2,147,1518.8,1860.5,2026-02,35,0.60
65,Yulia Putintseva,31.5,1780.6,65,1740.2,48,1731.2,74,1622.1,1933.4,2025-01,81,-0.22
66,Viktorija Golubic,33.7,1779.3,70,1727.7,86,1669.3,47,1670.4,1836.2,2021-07,52,0.24
67,Ann Li,26.0,1778.3,71,1725.2,49,1729.1,106,1573.2,1894.4,2021-03,29,0.84
68,Clara Tauson,23.6,1775.9,59,1750.4,80,1679.8,78,1617.6,1949.0,2025-07,42,0.48
69,Anastasia Pavlyuchenkova,34.8,1774.6,63,1741.6,73,1692.1,45,1678.7,2058.1,2011-05,429,-1.83
70,Peyton Stearns,24.8,1772.6,69,1728.1,44,1740.2,135,1536.3,1925.1,2025-05,53,0.28
71,Zeynep Sonmez,24.2,1771.2,79,1707.4,93,1654.7,50,1663.8,1814.8,2026-06,50,0.35
72,Eva Lys,24.5,1763.0,64,1740.9,88,1667.9,95,1586.9,1896.2,2025-10,92,-0.25
73,Laura Siegemund,38.3,1762.3,77,1710.2,74,1688.5,75,1620.8,1917.6,2016-08,98,-0.29
74,Lanlana Tararudee,22.0,1762.2,51,1760.4,146,1569.4,101,1581.2,1788.7,2026-03,79,-0.07
75,Robin Montgomery,21.8,1761.8,100,1660.9,114,1617.1,28,1735.3,1779.9,2024-07,200,-0.98
76,Anastasia Zakharova,24.5,1761.7,61,1743.7,120,1604.9,70,1629.8,1777.1,2026-08,91,-0.18
77,Sinja Kraus,24.2,1755.8,103,1654.6,55,1724.8,114,1563.5,1771.7,2026-07,85,-0.10
78,Xin Yu Wang,24.8,1755.3,80,1706.3,109,1630.9,40,1689.9,1853.9,2025-08,36,0.77
79,Mananchaya Sawangkaew,24.0,1754.0,86,1694.2,142,1579.8,41,1685.4,1786.7,2026-07,105,-0.28
80,Anna Bondar,29.1,1750.6,97,1668.6,39,1746.4,165,1495.3,1786.6,2022-05,76,0.05
81,Solana Sierra,22.1,1749.9,133,1622.7,47,1731.7,81,1610.9,1796.8,2026-06,86,-0.06
82,Oleksandra Oliynykova,25.5,1749.1,171,1555.4,51,1727.1,161,1500.0,1825.0,2026-05,46,0.58
83,Xiyu Wang,25.3,1741.5,85,1694.7,60,1715.0,112,1567.0,1803.0,2024-02,108,-0.26
84,Hanne Vandewinkel,22.2,1740.2,45,1769.8,139,1583.6,131,1540.0,1801.0,2026-04,82,0.02
85,Talia Gibson,22.1,1739.5,54,1755.9,156,1556.4,108,1571.7,1862.6,2026-03,65,0.27
86,Magdalena Frech,28.6,1736.5,76,1712.5,95,1653.3,120,1553.5,1846.4,2024-10,41,0.74
87,Kaitlin Quevedo,20.4,1736.2,113,1644.2,63,1708.1,127,1542.9,1779.4,2026-06,110,-0.23
88,Jessica Bouzas Maneiro,23.8,1732.7,102,1658.9,78,1682.9,56,1652.1,1857.3,2025-08,90,-0.02
89,Shuai Zhang,37.5,1731.4,82,1704.5,121,1604.5,71,1628.3,1873.3,2018-01,54,0.50
90,Ajla Tomljanovic,33.1,1729.9,74,1715.1,111,1622.1,54,1658.1,1907.7,2022-08,93,-0.03
91,Tatjana Maria,38.9,1729.4,131,1623.5,128,1598.9,32,1721.0,1804.5,2009-08,80,0.13
92,Antonia Ruzic,23.5,1727.5,83,1698.7,115,1615.2,86,1602.1,1797.5,2026-03,61,0.41
93,Kimberly Birrell,28.2,1727.4,73,1718.4,183,1523.0,100,1582.1,1829.9,2026-03,69,0.30
94,Maria Timofeeva,22.6,1718.7,132,1623.0,68,1699.4,117,1558.0,1731.9,2026-07,96,-0.02
95,Anastasija Sevastova,35.7,1718.5,98,1664.3,70,1695.0,77,1619.5,1998.3,2018-10,499,-1.66
96,Aliaksandra Sasnovich,32.3,1717.6,88,1685.7,98,1650.4,83,1605.7,1944.3,2019-01,138,-0.36
97,Petra Marcinko,20.6,1717.3,128,1625.3,77,1683.5,113,1566.4,1759.7,2026-01,72,0.30
98,Bianca Andreescu,26.1,1714.6,87,1688.3,110,1629.7,76,1620.4,2157.5,2019-09,186,-0.64
99,Diane Parry,23.9,1712.2,136,1614.6,85,1669.5,65,1635.8,1763.9,2024-03,66,0.41
100,Alina Charaeva,24.1,1711.6,137,1613.7,81,1676.2,93,1588.8,1733.7,2026-05,113,-0.12
101,Kamilla Rakhimova,24.9,1710.6,89,1684.1,113,1618.1,88,1597.6,1753.6,2025-08,83,0.20
102,Darja Vidmanova,23.5,1709.1,84,1696.6,168,1546.4,94,1587.4,1724.2,2026-07,88,0.15
103,Claire Liu,26.1,1708.0,104,1654.4,103,1637.4,84,1603.3,1814.6,2022-05,114,-0.10
104,Yuliia Starodubtseva,26.4,1707.4,127,1626.3,71,1693.3,119,1555.0,1834.9,2024-10,78,0.29
105,Francesca Jones,25.8,1706.9,129,1625.0,65,1706.3,185,1477.1,1798.6,2025-09,104,0.01
106,Marina Stakusic,21.3,1706.7,96,1672.1,153,1558.8,90,1592.9,1794.3,2024-02,144,-0.31
107,Rebeka Masarova,26.9,1705.3,120,1633.2,82,1675.8,59,1643.6,1817.5,2023-04,169,-0.46
108,Lois Boisson,23.2,1704.1,177,1550.4,79,1681.8,177,1481.8,1855.3,2025-07,281,-0.96
109,Carol Young Suh Lee,24.6,1703.8,81,1705.6,143,1579.0,142,1528.1,1709.1,2025-06,140,-0.25
110,Yafan Wang,31.4,1703.6,95,1673.0,174,1538.6,132,1539.9,1853.2,2019-03,422,-1.34
111,Maya Joint,20.2,1702.1,90,1682.2,108,1632.9,89,1596.4,1889.3,2025-09,67,0.50
112,Elina Avanesyan,23.8,1701.2,115,1643.4,83,1675.1,91,1591.5,1835.3,2024-08,161,-0.36
113,Panna Udvardy,27.8,1700.6,141,1600.7,97,1650.7,115,1563.5,1704.6,2023-01,77,0.38
114,Renata Zarazua,28.8,1699.8,93,1678.0,122,1604.3,123,1549.5,1763.5,2026-01,73,0.45
115,Tyra Caterina Grant,18.3,1699.1,168,1557.9,102,1640.7,64,1637.4,1733.9,2026-06,153,-0.29
116,Polina Kudermetova,23.1,1697.8,114,1644.2,107,1634.6,82,1607.9,1770.3,2024-12,97,0.18
117,Kaja Juvan,25.5,1696.2,118,1637.2,76,1684.7,61,1641.5,1825.6,2022-05,172,-0.39
118,Sofia Kenin,27.6,1695.8,105,1653.9,91,1656.0,105,1574.9,2057.0,2020-02,115,0.03
119,Tamara Korpatsch,31.2,1695.5,138,1609.3,72,1692.5,216,1450.3,1717.5,2022-10,47,0.93
120,Vera Zvonareva,41.8,1695.4,99,1662.7,116,1615.1,66,1633.4,2185.6,2009-03,292,-0.89
121,Cristina Bucsa,28.5,1695.1,92,1678.5,163,1549.3,102,1580.3,1794.9,2026-03,38,1.16
122,Greet Minnen,28.9,1694.6,117,1637.8,132,1594.1,55,1652.4,1795.8,2020-02,178,-0.38
123,Jil Teichmann,28.9,1689.1,122,1632.1,94,1653.9,176,1482.6,1922.9,2022-05,167,-0.31
124,Leolia Jeanjean,30.9,1687.9,142,1600.2,96,1650.7,97,1586.1,1713.3,2026-07,117,0.06
125,Laura Samson,18.3,1686.3,193,1527.4,61,1709.1,159,1500.8,1717.2,2026-06,122,0.02
126,Sloane Stephens,33.3,1683.5,123,1630.5,89,1664.9,92,1589.5,2028.2,2017-08,240,-0.64
127,Jeline Vandromme,18.6,1678.8,94,1674.8,125,1601.0,137,1535.8,1787.2,2026-04,139,-0.09
128,Caroline Dolehide,27.9,1676.6,106,1650.8,112,1620.7,181,1480.3,1757.6,2025-07,246,-0.65
129,Lin Zhu,32.4,1673.3,112,1646.5,242,1454.7,121,1551.5,1808.9,2023-09,177,-0.32
130,Storm Hunter,31.9,1672.1,101,1659.2,170,1543.1,110,1569.3,1792.2,2024-03,174,-0.29
131,Simona Waltert,25.5,1670.4,139,1606.3,92,1655.5,213,1451.3,1744.4,2025-10,87,0.41
132,Janice Tjen,24.2,1670.2,91,1679.0,147,1566.4,122,1551.2,1897.7,2025-10,37,1.27
133,Anna Blinkova,27.8,1669.2,125,1626.7,135,1591.2,99,1583.9,1830.2,2019-10,111,0.18
134,Tatiana Prozorova,22.8,1668.7,108,1650.2,145,1569.6,138,1535.8,1730.1,2025-02,166,-0.21
135,Vendula Valdmannova,18.6,1662.0,110,1649.0,286,1398.7,139,1534.3,1684.8,2026-08,162,-0.18
136,Sara Sorribes Tormo,29.7,1656.5,147,1586.6,104,1637.2,130,1540.3,1900.8,2021-08,206,-0.42
137,Rebecca Sramkova,29.7,1653.1,121,1632.9,137,1586.6,125,1545.4,1821.7,2024-11,128,0.07
138,Fiona Ferro,29.3,1652.7,134,1619.4,118,1609.6,191,1473.6,1864.6,2021-03,146,-0.06
139,Taylah Preston,20.7,1651.7,111,1646.7,267,1423.0,170,1493.4,1747.0,2024-03,101,0.32
140,Lucia Bronzetti,27.6,1651.3,161,1565.3,101,1640.8,150,1518.1,1777.9,2025-03,116,0.19
141,Tamara Zidansek,28.5,1650.6,151,1578.9,105,1636.1,194,1470.5,1857.1,2019-06,151,-0.07
142,Celine Naef,21.0,1650.2,116,1642.5,217,1481.4,87,1600.4,1713.2,2023-09,225,-0.46
143,Oksana Selekhmeteva,23.4,1649.8,109,1650.1,133,1594.1,144,1522.3,1787.8,2026-02,99,0.37
144,Moyuka Uchijima,24.9,1645.0,130,1624.8,123,1603.7,225,1443.6,1822.8,2025-04,100,0.36
145,Mary Stoiana,23.2,1642.8,163,1561.7,177,1528.7,98,1585.8,1683.3,2026-07,130,0.11
146,Katarzyna Kawa,33.7,1642.5,234,1484.0,106,1636.0,129,1541.5,1684.0,2026-06,133,0.09
147,Julieta Pareja,17.4,1637.8,140,1601.1,173,1539.3,168,1493.9,1657.6,2026-07,290,-0.68
148,Alycia Parks,25.5,1636.8,126,1626.5,150,1560.6,178,1481.8,1824.7,2023-01,63,0.85
149,Teodora Kostovic,19.0,1631.0,178,1549.7,127,1599.1,107,1572.9,1685.9,2025-10,150,-0.01
150,Martyna Kubka,25.2,1630.0,143,1598.4,203,1495.6,104,1577.4,1655.3,2026-08,184,-0.20
151,Lulu Sun,25.2,1629.0,107,1650.3,221,1479.2,146,1519.9,1831.6,2024-08,119,0.24
152,Marina Bassols Ribera,26.6,1627.5,204,1516.5,119,1605.2,134,1537.7,1675.3,2024-01,134,0.13
153,Kayla Day,26.8,1626.0,145,1588.4,151,1560.5,157,1503.5,1756.9,2016-10,121,0.23
154,Clara Burel,25.3,1625.7,124,1629.9,138,1583.7,173,1484.4,1845.7,2024-01,417,-1.00
155,Dalma Galfi,27.9,1624.6,159,1567.4,117,1613.1,124,1546.8,1748.0,2025-10,156,-0.01
156,Emerson Jones,18.0,1622.9,135,1616.5,264,1425.6,166,1494.7,1760.8,2026-03,131,0.17
157,Maddison Inglis,28.5,1620.6,144,1597.1,245,1452.4,172,1487.0,1649.6,2026-01,132,0.17
158,Dominika Salkova,22.0,1617.8,119,1634.1,165,1547.7,229,1438.5,1685.2,2025-07,123,0.25
159,Julia Riera,24.1,1617.1,205,1515.4,126,1600.2,186,1476.9,1731.2,2024-05,152,0.05
160,Hanyu Guo,28.1,1614.6,146,1586.8,162,1549.6,196,1467.8,1647.8,2026-03,201,-0.23
161,Mia Ristic,20.2,1611.8,284,1419.9,134,1594.1,180,1480.9,1662.1,2023-11,182,-0.12
162,Viktoriya Tomova,31.3,1610.3,153,1575.2,148,1565.5,154,1506.0,1752.1,2024-06,259,-0.47
163,Suzan Lamens,26.9,1609.2,160,1566.0,161,1551.6,158,1501.6,1795.2,2025-04,164,-0.01
164,Veronika Erjavec,26.5,1608.8,209,1513.7,131,1594.8,155,1505.6,1722.2,2025-09,109,0.41
165,Beatriz Haddad Maia,30.0,1606.9,152,1575.7,130,1596.6,116,1558.3,1945.0,2022-08,157,0.05
166,Harmony Tan,28.8,1606.9,158,1568.9,243,1453.8,103,1579.7,1709.7,2022-08,208,-0.23
167,Anastasiya Soboleva,22.2,1606.5,271,1432.7,129,1598.0,227,1439.4,1652.8,2026-07,196,-0.16
168,Lucrezia Stefanini,28.2,1603.2,150,1581.8,193,1514.0,133,1539.8,1650.2,2024-12,142,0.17
169,Leyre Romero Gormaz,24.3,1601.6,202,1519.0,144,1576.9,226,1440.1,1656.1,2024-06,149,0.13
170,Andrea Lazaro Garcia,31.7,1601.3,203,1516.7,140,1582.8,219,1448.6,1657.0,2026-03,147,0.15
171,Julia Grabher,30.0,1600.2,236,1480.0,141,1582.2,308,1384.8,1695.8,2026-01,118,0.37
172,Polina Iatcenko,22.6,1600.0,181,1548.1,297,1390.3,80,1614.5,1750.9,2025-10,160,0.07
173,Harriet Dart,29.9,1596.9,149,1583.8,252,1445.5,153,1508.3,1727.2,2022-06,143,0.19
174,Rebecca Marino,35.6,1595.1,164,1561.5,222,1478.1,118,1555.4,1833.6,2010-11,380,-0.78
175,Carson Branstine,25.3,1593.6,210,1511.9,152,1559.2,109,1571.3,1675.2,2025-09,565,-1.17
176,Heather Watson,34.1,1592.8,166,1560.3,246,1451.6,148,1518.6,1912.2,2014-06,443,-0.92
177,Elena Pridankina,20.8,1591.5,206,1515.0,136,1587.0,207,1457.6,1658.2,2025-04,188,-0.06
178,Emiliana Arango,25.6,1590.9,167,1559.6,178,1528.2,201,1462.5,1698.2,2025-02,95,0.63
179,Tereza Martincova,31.6,1589.3,154,1572.9,224,1476.2,126,1545.2,1811.8,2022-03,321,-0.58
180,Fiona Crawley,24.4,1589.0,180,1548.7,306,1380.8,171,1492.3,1645.0,2026-07,267,-0.39
181,Elvina Kalieva,23.0,1588.3,165,1560.4,196,1505.5,209,1456.6,1616.7,2026-04,120,0.41
182,Yue Yuan,27.8,1585.8,156,1570.2,181,1524.2,206,1457.9,1869.7,2024-04,126,0.37
183,Francesca Curmi,24.0,1583.6,237,1475.7,154,1558.3,197,1466.8,1625.8,2026-07,236,-0.25
184,Susan Bandecchi,28.0,1583.1,195,1526.7,172,1540.0,210,1456.4,1635.6,2026-06,168,0.09
185,Elizara Yaneva,19.3,1582.9,148,1586.3,195,1509.0,188,1475.2,1661.3,2026-02,170,0.08
186,Ella Seidel,21.4,1582.8,155,1571.9,194,1510.0,174,1484.4,1809.9,2025-10,103,0.59
187,Himeno Sakatsume,24.9,1579.7,157,1569.7,219,1480.9,223,1444.5,1709.1,2026-03,136,0.32
188,Jana Fett,29.0,1579.7,198,1522.8,157,1556.2,163,1496.4,1755.5,2017-10,631,-1.21
189,Alevtina Ibragimova,21.5,1579.4,217,1504.1,159,1554.1,200,1464.7,1604.2,2026-07,220,-0.15
190,Noma Noha Akugue,22.6,1579.3,169,1557.9,179,1526.7,241,1424.0,1668.1,2023-08,141,0.30
191,Anna Siskova,25.1,1577.0,184,1540.5,164,1548.0,329,1377.4,1581.5,2026-05,212,-0.10
192,Katie Swan,27.2,1575.9,233,1488.1,266,1423.6,149,1518.4,1661.3,2022-10,205,-0.07
193,Anastasia Gasanova,27.1,1574.7,194,1526.8,229,1474.5,128,1542.3,1644.4,2022-01,194,-0.01
194,Iryna Shymanovich,29.0,1574.4,225,1496.2,184,1518.2,141,1533.0,1649.2,2023-08,193,0.01
195,Zhuoxuan Bai,23.6,1573.6,175,1551.5,255,1439.1,136,1536.3,1740.2,2024-01,250,-0.25
196,Lisa Pigato,23.0,1573.6,183,1542.3,158,1555.6,183,1479.3,1723.0,2026-04,135,0.37
197,Elsa Jacquemot,23.2,1573.1,170,1556.2,191,1514.5,167,1494.1,1766.8,2025-09,102,0.66
198,Jessika Ponchet,29.7,1572.0,216,1504.3,149,1560.8,198,1465.9,1622.0,2024-06,271,-0.31
199,Ekaterine Gorgodze,34.6,1571.3,212,1511.0,176,1531.9,189,1475.2,1609.9,2021-08,165,0.19
200,Polona Hercog,35.5,1569.8,208,1514.2,160,1551.9,160,1500.5,1894.8,2011-07,235,-0.16
201,Guiomar Maristany Zuleta De Reales,27.4,1569.7,226,1493.7,167,1547.0,246,1421.2,1625.0,2026-05,211,-0.05
202,Darja Semenistaja,23.8,1569.6,196,1526.0,166,1547.1,164,1496.1,1736.4,2025-10,112,0.59
203,Olivia Gadecki,24.0,1568.8,185,1539.3,206,1489.7,193,1470.9,1767.5,2024-10,254,-0.22
204,Mai Hontama,26.9,1568.8,191,1533.1,207,1489.7,215,1450.7,1687.6,2024-03,171,0.18
205,Alisa Oktiabreva,17.9,1568.4,278,1426.4,155,1558.3,204,1459.2,1636.4,2026-04,521,-0.93
206,Linda Fruhvirtova,21.2,1567.0,174,1552.3,205,1492.6,182,1480.2,1764.1,2023-03,179,0.14
207,Varvara Lepchenko,40.1,1565.3,176,1551.1,182,1524.0,220,1448.3,1891.7,2015-01,185,0.11
208,Mia Pohankova,17.7,1563.6,162,1564.9,241,1455.0,202,1460.9,1739.1,2026-02,247,-0.17
209,Akasha Urhobo,19.4,1562.3,270,1433.6,171,1541.0,221,1446.7,1617.8,2026-04,180,0.15
210,Gabriela Andrea Knutson,29.2,1560.3,189,1533.3,291,1394.6,152,1508.4,1597.5,2024-07,187,0.12
211,Veronika Podrez,19.5,1557.0,213,1510.6,211,1486.4,245,1421.4,1692.4,2026-05,137,0.43
212,Victoria Jimenez Kasintseva,20.9,1556.3,179,1549.6,190,1515.2,231,1435.4,1709.5,2025-09,125,0.53
213,Nao Hibino,31.6,1553.4,201,1519.9,214,1483.6,190,1474.0,1751.2,2015-09,226,-0.06
214,Mariam Bolkvadze,28.5,1551.1,220,1502.1,355,1335.9,162,1497.0,1622.4,2021-09,425,-0.69
215,Joanna Garland,24.9,1550.9,173,1553.0,238,1461.8,187,1476.4,1703.0,2026-01,204,0.05
216,Mona Barthel,36.0,1549.7,186,1537.8,204,1495.0,304,1385.7,2000.1,2012-05,210,0.03
217,En Shuo Liang,25.8,1547.3,182,1544.7,340,1357.6,169,1493.7,1621.7,2019-05,306,-0.34
218,Jennifer Ruggeri,22.9,1547.3,319,1388.7,180,1525.5,218,1448.7,1600.5,2026-06,217,0
219,Erika Andreeva,22.1,1545.1,221,1501.6,197,1504.5,232,1434.4,1795.0,2024-03,216,0.01
220,Madison Brengle,36.3,1545.0,214,1508.8,169,1543.8,175,1483.1,1853.0,2016-03,213,0.03
221,Oceane Dodin,29.7,1544.3,207,1515.0,230,1470.7,192,1472.8,1827.7,2016-11,330,-0.40
222,Priscilla Hon,28.2,1541.5,192,1532.8,244,1453.2,234,1433.2,1722.2,2025-09,155,0.36
223,Savannah Broadus,23.8,1540.0,200,1521.0,250,1448.0,222,1445.0,1641.6,2026-06,307,-0.32
224,Xinyu Gao,28.6,1539.3,188,1533.8,232,1466.9,278,1398.9,1629.1,2026-03,256,-0.13
225,Alice Tubello,25.4,1538.7,331,1378.1,175,1536.8,267,1402.4,1562.7,2026-06,209,0.07
226,Noemi Basiletti,20.3,1538.6,391,1321.8,192,1514.5,224,1444.3,1538.6,2026-08,269,-0.17
227,Katarina Zavatska,26.5,1537.0,282,1420.8,185,1517.8,236,1430.3,1720.0,2019-11,255,-0.12
228,Carole Monnet,24.6,1536.6,256,1458.0,189,1515.9,334,1374.2,1581.6,2025-11,197,0.15
229,Sofia Costoulas,21.3,1535.5,190,1533.2,213,1485.2,282,1397.9,1632.1,2026-04,158,0.37
230,Laura Pigossi,31.9,1530.8,244,1468.0,187,1516.9,351,1362.7,1607.5,2024-06,195,0.17
231,Eva Vedder,26.7,1530.7,197,1523.3,216,1483.3,214,1450.8,1589.6,2026-07,199,0.15
232,Elizabeth Mandlik,25.2,1530.6,218,1503.9,231,1467.7,156,1504.3,1697.6,2023-07,175,0.28
233,Anouk Koevermans,22.4,1529.9,187,1537.1,212,1486.2,288,1395.9,1669.6,2024-08,231,0.01
234,Nuria Brancaccio,26.0,1525.2,375,1336.6,186,1517.5,342,1367.8,1642.1,2025-10,191,0.20
235,Rada Zolotareva,17.8,1520.6,288,1411.1,201,1497.7,264,1404.8,1568.2,2026-04,377,-0.47
236,Aliona Falei,22.3,1519.8,199,1521.6,276,1413.5,230,1435.6,1644.3,2024-04,222,0.06
237,Ayla Aksu,30.0,1518.7,211,1511.3,265,1425.2,233,1434.3,1546.8,2026-06,203,0.15
238,Anna Lena Friedsam,32.4,1517.5,231,1488.4,226,1475.2,262,1406.0,1842.9,2016-05,251,-0.05
239,Yeon Woo Ku,23.3,1516.4,222,1501.1,339,1357.8,269,1401.7,1575.1,2026-07,176,0.31
240,Lola Radivojevic,21.5,1513.4,258,1454.9,199,1499.4,212,1451.8,1674.4,2025-10,154,0.44
241,Irene Burillo Escorihuela,29.0,1513.2,325,1385.1,198,1499.7,277,1399.1,1537.0,2024-06,234,0.03
242,Linda Klimovicova,22.1,1510.9,219,1503.8,258,1436.1,339,1370.7,1720.6,2026-01,202,0.18
243,Tiantsoa Sarah Rakotomanga Rajaonah,20.5,1510.7,250,1464.8,233,1464.1,228,1438.8,1643.9,2025-09,173,0.34
244,Emina Bektas,32.5,1509.5,235,1481.6,380,1314.9,199,1464.9,1692.4,2023-10,632,-0.95
245,Aliona Bolsova,28.4,1509.5,255,1458.9,209,1487.2,258,1407.7,1726.6,2019-05,384,-0.45
246,Luisina Giovannini,19.6,1508.0,376,1334.8,202,1495.9,259,1407.6,1551.8,2026-05,183,0.30
247,Alexandra Shubladze,20.8,1507.8,223,1498.8,332,1362.2,293,1390.8,1606.7,2026-04,190,0.26
248,Maria Lourdes Carle,26.4,1505.7,241,1470.2,218,1481.2,291,1393.1,1768.7,2024-05,223,0.11
249,Francisca Jorge,26.2,1505.0,227,1493.6,270,1419.1,203,1460.3,1572.0,2026-06,233,0.07
250,Hannah Klugman,17.3,1501.1,239,1475.2,299,1388.4,311,1383.8,1532.2,2026-07,365,-0.38
251,Sachia Vickery,31.1,1500.5,243,1469.1,200,1498.3,256,1408.9,1736.9,2018-04,622,-0.91
252,Anastasia Kulikova,26.4,1500.3,228,1491.1,277,1413.1,257,1408.2,1667.1,2021-07,311,-0.21
253,Kayla Cross,21.3,1499.4,224,1497.8,289,1395.1,365,1358.5,1528.2,2026-02,163,0.44
254,Martina Trevisan,32.7,1499.2,249,1465.4,208,1487.3,451,1315.4,1803.7,2022-05,326,-0.25
255,Viktoria Hruncakova,28.2,1497.6,253,1463.4,254,1441.8,235,1431.2,1890.8,2018-06,228,0.11
256,Arantxa Rus,35.6,1497.1,229,1489.5,210,1486.9,294,1389.7,1774.5,2012-07,207,0.21
257,Aoi Ito,22.1,1496.3,215,1505.4,397,1301.7,383,1351.4,1786.2,2024-12,289,-0.12
258,Jazmin Ortenzi,24.6,1493.9,340,1366.6,225,1476.2,343,1367.1,1603.7,2026-05,159,0.48
259,Alicia Herrero Linana,27.6,1493.7,355,1350.9,227,1475.1,243,1421.8,1527.4,2026-08,316,-0.20
260,Caijsa Wilda Hennemann,25.3,1493.3,357,1350.5,237,1462.2,244,1421.6,1538.5,2026-06,243,0.07
261,Kajsa Rinaldo Persson,28.7,1492.4,279,1423.8,239,1460.2,376,1354.4,1570.0,2026-06,229,0.13
262,Federica Urgesi,21.5,1492.1,334,1373.4,223,1476.9,247,1421.0,1564.5,2026-06,282,-0.07
263,Destanee Aiava,25.6,1491.8,240,1474.5,283,1403.8,310,1383.9,1640.5,2025-02,552,-0.74
264,Lucie Havlickova,21.3,1489.4,230,1488.6,261,1433.8,260,1407.5,1665.1,2026-04,232,0.13
265,Sonja Zhiyenbayeva,20.0,1488.9,232,1488.3,336,1359.4,249,1419.4,1488.9,2026-08,454,-0.54
266,Valentina Ryser,25.3,1487.2,259,1454.9,400,1301.1,151,1515.0,1638.5,2025-06,263,0.01
267,Katrina Scott,22.1,1487.1,260,1454.5,220,1480.7,371,1356.7,1696.9,2022-08,242,0.10
268,Mika Stojsavljevic,17.5,1481.8,294,1406.7,343,1355.9,352,1362.5,1560.5,2026-06,279,-0.04
269,Lea Nilsson,18.0,1481.6,310,1395.2,234,1463.1,253,1415.8,1481.6,2026-07,378,-0.34
270,Julia Avdeeva,24.0,1480.2,252,1463.9,247,1450.9,319,1379.8,1654.7,2024-02,192,0.34
271,Eva Guerrero Alvarez,26.7,1480.1,242,1469.9,287,1398.4,292,1393.0,1604.1,2026-02,293,-0.08
272,Nastasja Schunk,22.9,1478.5,315,1390.3,236,1462.9,195,1469.9,1675.1,2022-05,391,-0.36
273,Arina Rodionova,36.1,1478.0,257,1457.7,314,1375.9,217,1450.2,1643.7,2017-07,456,-0.51
274,Darya Astakhova,24.5,1477.8,276,1429.1,240,1457.4,316,1381.8,1642.7,2022-09,230,0.18
275,Barbora Palicova,22.3,1476.9,326,1384.6,228,1475.1,251,1417.2,1672.5,2022-11,238,0.14
276,Louisa Chirico,29.8,1475.7,289,1410.8,188,1515.9,331,1376.6,1812.7,2016-10,525,-0.64
277,Hayu Kinoshita,19.7,1475.3,251,1464.2,404,1300.2,270,1401.3,1635.3,2026-05,224,0.21
278,Jule Niemeier,26.9,1475.2,261,1451.5,235,1463.0,208,1457.6,1867.6,2022-06,411,-0.39
279,Katherine Sebov,27.5,1473.2,263,1451.1,310,1377.7,237,1427.4,1701.7,2023-04,215,0.26
280,Tara Wurth,23.6,1473.0,327,1381.8,251,1446.0,254,1411.5,1681.6,2022-07,450,-0.47
281,Zongyu Li,23.2,1472.5,238,1475.4,344,1353.9,255,1411.3,1528.0,2026-06,305,-0.08
282,Ye Xin Ma,27.1,1469.9,254,1461.1,462,1253.3,337,1370.9,1605.5,2026-03,181,0.44
283,Alicia Dudeney,23.1,1467.3,247,1467.1,345,1348.7,368,1357.6,1543.3,2026-07,227,0.22
284,Han Shi,21.1,1465.7,245,1467.7,371,1322.2,279,1398.9,1657.2,2024-08,264,0.07
285,Fangran Tian,22.8,1464.8,265,1445.2,346,1347.4,261,1407.4,1605.5,2026-03,258,0.10
286,Ayana Akli,25.0,1462.5,246,1467.4,333,1362.2,325,1377.8,1559.9,2025-08,266,0.07
287,Silvia Ambrosio,28.9,1460.8,348,1359.5,249,1448.2,263,1405.4,1533.3,2023-06,416,-0.37
288,Lina Gjorcheska,32.0,1458.7,285,1419.2,280,1407.4,179,1481.7,1636.7,2017-04,219,0.27
289,Ida Wobker,15.9,1456.0,266,1443.6,248,1448.6,184,1478.0,1497.0,2026-08,561,-0.66
290,Rositsa Dencheva,19.4,1453.8,317,1390.0,260,1434.8,268,1401.9,1472.8,2026-08,309,-0.06
291,Arianne Hartono,29.6,1452.8,269,1435.5,315,1375.4,347,1364.6,1610.6,2024-02,540,-0.62
292,Jana Kovackova,16.1,1452.4,303,1398.0,300,1388.2,271,1401.2,1498.1,2026-06,550,-0.63
293,Alena Kovackova,18.1,1451.6,335,1373.1,274,1414.1,272,1400.8,1487.3,2026-08,398,-0.31
294,Whitney Osuigwe,24.2,1451.3,286,1418.0,263,1426.9,462,1311.4,1799.0,2019-05,221,0.29
295,Vivian Wolff,27.8,1451.2,262,1451.3,294,1392.7,273,1400.6,1478.9,2026-07,241,0.20
296,Camilla Rosatello,30.8,1450.8,333,1373.4,215,1483.5,395,1342.6,1569.5,2025-10,389,-0.27
297,Sada Nahimana,25.0,1450.0,379,1331.9,253,1442.4,274,1400.0,1554.7,2025-05,273,0.08
298,Angelina Voloshchuk,19.1,1449.3,268,1435.7,415,1296.0,275,1399.7,1469.7,2026-07,346,-0.15
299,Clervie Ngounoue,20.0,1449.1,277,1428.1,292,1394.0,354,1362.3,1690.6,2025-08,362,-0.19
300,Berfu Cengiz,26.8,1448.0,297,1402.9,259,1435.3,323,1379.3,1611.7,2024-06,283,0.06
301,Gina Feistel,23.5,1447.4,392,1321.4,256,1439.1,280,1398.7,1557.9,2024-07,303,-0.01
302,Tessah Andrianjafitrimo,27.1,1446.7,290,1410.2,269,1421.1,344,1366.6,1550.6,2024-09,641,-0.75
303,Xiaodi You,30.2,1445.2,248,1466.8,366,1324.0,435,1324.4,1531.4,2026-05,198,0.43
304,Julie Struplova,21.6,1445.1,360,1347.9,262,1429.7,283,1397.6,1507.3,2026-05,218,0.33
305,Elena Ruxandra Bertea,20.2,1442.8,394,1320.5,268,1421.7,287,1396.4,1610.9,2026-04,257,0.17
306,Amandine Monnot,24.4,1439.7,267,1443.5,321,1369.0,289,1394.8,1568.4,2026-04,325,-0.06
307,Amandine Hesse,33.4,1437.4,287,1415.8,304,1384.6,416,1335.2,1573.3,2015-09,420,-0.31
308,Reese Brantmeier,21.8,1435.4,295,1406.2,434,1284.8,276,1399.6,1446.5,2026-08,431,-0.34
309,Chloe Paquet,32.0,1435.0,291,1409.5,281,1407.4,389,1347.1,1631.4,2024-08,297,0.04
310,Angela Fita Boluda,27.0,1434.5,435,1283.1,272,1415.9,356,1361.8,1561.8,2024-09,214,0.37
311,Lizette Cabrera,28.6,1433.8,301,1399.8,353,1337.9,239,1424.9,1588.0,2017-11,298,0.04
312,Sara Saito,19.8,1432.2,272,1432.4,330,1362.7,457,1313.5,1664.6,2024-07,244,0.25
313,Lea Boskovic,26.8,1429.4,337,1370.3,282,1405.3,240,1424.6,1591.8,2024-08,341,-0.09
314,Margaux Rouvroy,25.3,1429.1,314,1390.8,295,1391.7,295,1389.5,1545.4,2023-05,342,-0.09
315,Ane Mintegi Del Olmo,22.7,1427.9,308,1396.9,290,1394.7,296,1388.9,1565.5,2026-04,285,0.10
316,Yasmine Kabbaj,22.5,1427.1,361,1347.7,279,1412.9,297,1388.5,1464.8,2026-08,294,0.07
317,Mei Yamaguchi,27.1,1424.6,307,1397.2,392,1303.9,375,1355.9,1544.4,2025-02,262,0.19
318,Lisa Zaar,26.2,1424.6,364,1342.8,301,1387.3,298,1387.3,1564.3,2026-05,334,-0.05
319,Aneta Kladivova,26.1,1424.0,350,1356.1,273,1414.7,299,1387.0,1498.6,2024-08,491,-0.43
320,Ekaterina Reyngold,25.0,1423.0,273,1431.1,329,1362.7,300,1386.5,1523.5,2025-10,460,-0.36
321,Kristina Mladenovic,33.1,1422.4,293,1407.8,318,1370.7,250,1418.0,1989.5,2017-05,862,-0.99
322,Hong Yi Cody Wong,24.3,1422.4,316,1390.3,351,1342.1,301,1386.2,1437.2,2026-07,638,-0.68
323,Cadence Brace,21.4,1422.3,283,1420.1,473,1247.3,432,1325.2,1589.0,2025-10,253,0.24
324,Anastasia Zolotareva,24.5,1422.1,352,1353.9,278,1413.1,302,1386.1,1547.8,2026-04,268,0.19
325,Elena Micic,22.0,1422.0,299,1400.2,416,1295.8,303,1386.0,1453.8,2026-07,272,0.18
326,Sakura Hosogi,26.3,1421.3,280,1421.5,421,1291.6,305,1385.6,1477.1,2026-07,345,-0.06
327,Samira De Stefano,22.2,1421.0,313,1392.2,363,1329.8,306,1385.5,1505.7,2026-04,302,0.08
328,Britt Du Pree,19.5,1418.8,274,1430.2,395,1302.4,378,1354.0,1460.9,2026-08,323,0.02
329,Zhibek Kulambayeva,26.3,1418.0,444,1274.7,288,1397.9,309,1384.0,1456.1,2026-04,464,-0.34
330,Eva Bennemann,18.8,1417.2,264,1445.9,334,1360.5,312,1383.6,1535.5,2025-11,304,0.08
331,Lea Ma,25.5,1416.1,318,1389.2,375,1318.1,322,1379.6,1498.4,2026-07,288,0.14
332,Miho Kuramochi,28.1,1413.7,304,1398.0,372,1321.9,320,1379.7,1434.2,2024-01,370,-0.11
333,Aurora Zantedeschi,25.7,1413.7,487,1237.5,284,1401.9,317,1381.8,1526.9,2025-03,277,0.18
334,Jenny Lim,21.5,1413.1,401,1317.8,298,1390.0,318,1381.6,1477.7,2024-05,376,-0.12
335,Ena Shibahara,28.4,1411.7,324,1385.2,257,1437.2,290,1394.7,1713.2,2024-11,480,-0.36
336,Loes Ebeling Koning,20.4,1410.5,395,1320.3,305,1381.5,396,1342.5,1440.2,2026-08,526,-0.45
337,Mina Hodzic,24.1,1410.4,312,1392.3,308,1378.5,355,1362.2,1534.3,2024-04,301,0.11
338,Elena Milovanovic,25.5,1409.4,321,1388.2,338,1357.9,321,1379.7,1454.2,2026-06,403,-0.18
339,Haruka Kaji,31.8,1408.7,311,1394.4,362,1330.5,252,1416.9,1517.5,2025-03,261,0.26
340,Yelyzaveta Kotliar,19.4,1408.5,396,1319.3,296,1391.4,324,1379.3,1427.3,2026-07,423,-0.22
341,Martha Matoula,29.2,1407.0,383,1328.9,285,1400.3,211,1453.5,1571.3,2022-08,299,0.13
342,Selena Janicijevic,24.0,1405.5,373,1337.3,302,1385.9,286,1396.5,1576.3,2024-07,245,0.33
343,Laima Vladson,18.8,1405.5,419,1300.4,303,1385.1,326,1377.8,1461.8,2026-08,581,-0.53
344,Matilde Jorge,22.3,1405.1,292,1408.5,423,1289.8,328,1377.5,1519.0,2025-06,274,0.23
345,Ena Koike,19.6,1404.2,322,1386.6,398,1301.3,330,1377.1,1463.9,2026-07,329,0.05
346,Despina Papamichail,33.4,1404.1,338,1368.5,316,1372.6,315,1382.2,1551.5,2022-10,189,0.60
347,Justina Mikulskyte,30.4,1402.3,329,1381.3,331,1362.3,415,1335.5,1527.5,2022-05,237,0.38
348,Tina Nadine Smith,23.6,1401.1,320,1388.2,328,1363.1,332,1375.5,1532.3,2025-02,426,-0.20
349,Caroline Uebelhoer,30.2,1400.6,371,1338.3,309,1378.2,314,1382.6,1519.2,2025-04,287,0.20
350,Naiktha Bains,28.5,1400.4,306,1397.2,361,1330.6,503,1283.0,1427.3,2019-05,368,-0.05
351,Nuria Parrizas Diaz,34.9,1398.1,302,1399.5,293,1393.7,382,1351.8,1765.0,2022-02,634,-0.59
352,Julie Belgraver,23.8,1397.4,366,1341.9,319,1370.1,335,1373.7,1581.5,2025-06,394,-0.11
353,Sijia Wei,22.6,1396.9,309,1396.0,440,1281.2,388,1347.8,1762.6,2025-01,404,-0.13
354,Isabella Shinikova,34.7,1394.4,275,1429.6,456,1264.4,489,1295.1,1640.8,2019-10,349,0.01
355,Daria Khomutsianskaya,22.4,1393.4,330,1378.8,384,1311.7,336,1371.7,1437.7,2026-08,296,0.18
356,Kathinka Von Deichmann,32.1,1392.9,296,1404.4,348,1345.9,384,1350.4,1625.3,2022-05,328,0.08
357,Martina Capurro Taborda,28.6,1392.6,415,1303.1,311,1377.7,266,1403.3,1523.2,2023-11,239,0.40
358,Amarissa Kiara Toth,23.4,1390.4,345,1364.2,320,1369.1,340,1370.2,1605.7,2025-06,386,-0.08
359,Kyoka Okamura,30.8,1390.0,363,1345.1,405,1299.9,205,1458.2,1537.8,2025-09,284,0.23
360,Ipek Oz,27.0,1389.3,354,1353.4,324,1368.2,405,1338.6,1563.9,2022-05,409,-0.13
361,Ylena In Albon,26.9,1388.9,408,1311.7,317,1371.4,358,1360.1,1591.7,2022-05,689,-0.65
362,Tessa Johanna Brockmann,20.7,1388.7,377,1334.0,350,1342.9,333,1375.3,1471.1,2026-07,313,0.15
363,Julia Stusek,18.0,1387.5,393,1320.6,349,1343.4,417,1335.2,1407.9,2026-03,383,-0.05
364,Eryn Cayetano,25.1,1385.7,332,1373.7,460,1261.3,341,1367.9,1405.5,2026-02,369,-0.01
365,Su Jeong Jang,30.9,1383.6,351,1354.5,275,1414.0,420,1333.3,1643.8,2017-05,629,-0.54
366,Yuki Naito,25.4,1383.3,323,1386.3,451,1271.9,412,1336.1,1525.0,2022-06,291,0.23
367,Hiromi Abe,26.1,1380.7,347,1360.8,390,1305.3,345,1365.3,1499.2,2026-02,317,0.15
368,Maria Sara Popa,20.9,1380.6,462,1257.9,341,1356.9,346,1365.3,1461.0,2023-09,432,-0.16
369,Yuriko Miyazaki,30.6,1380.2,341,1366.4,464,1252.5,408,1337.6,1629.1,2023-01,351,0.05
370,Weronika Falkowska,26.1,1377.9,298,1401.0,431,1286.0,348,1363.9,1411.9,2022-11,312,0.17
371,Sofya Lansere,25.8,1376.0,305,1397.9,389,1307.7,349,1363.0,1503.5,2024-01,260,0.36
372,Anna Kubareva,25.4,1375.8,343,1364.7,446,1275.2,350,1362.9,1469.7,2026-06,487,-0.27
373,Lucija Ciric Bagaric,22.5,1375.3,451,1267.3,322,1368.5,407,1338.4,1540.7,2024-07,382,-0.02
374,Lidia Encheva,20.0,1375.0,367,1340.7,370,1323.1,353,1362.5,1460.1,2026-06,440,-0.16
375,Gabriela Lee,30.6,1374.6,439,1280.0,307,1378.8,491,1295.0,1608.8,2022-05,707,-0.63
376,Dalila Jakupovic,35.3,1373.9,344,1364.6,357,1334.8,437,1323.4,1762.6,2018-07,363,0.04
377,Kylie Collins,23.6,1372.3,358,1350.5,387,1309.4,338,1370.9,1453.1,2026-07,412,-0.09
378,Deborah Chiesa,30.1,1372.3,438,1281.0,327,1364.9,421,1332.3,1581.4,2018-05,333,0.13
379,Yidi Yang,26.4,1372.0,339,1367.9,435,1284.6,357,1361.0,1445.3,2026-03,364,0.04
380,Alice Rame,28.7,1370.3,522,1189.0,313,1376.3,425,1329.6,1596.5,2025-10,248,0.43
381,Xinxin Yao,22.8,1370.2,300,1400.0,444,1278.2,359,1360.1,1539.4,2025-01,280,0.31
382,Misaki Matsuda,27.7,1369.1,356,1350.7,342,1356.0,361,1359.5,1472.5,2022-08,421,-0.10
383,Ella Mcdonald,20.9,1368.6,476,1249.9,429,1286.8,307,1385.4,1487.4,2025-06,469,-0.20
384,Varvara Panshina,20.4,1368.5,410,1308.6,271,1417.0,362,1359.3,1530.0,2026-04,355,0.08
385,Petra Sedlackova,24.9,1367.8,422,1298.9,352,1339.8,363,1358.9,1414.5,2026-07,712,-0.61
386,Eunhye Lee,26.2,1367.7,353,1353.7,407,1298.9,364,1358.9,1436.6,2025-11,347,0.11
387,Hibah Shaikh,23.7,1366.2,342,1364.8,378,1316.1,367,1358.1,1431.8,2026-02,310,0.22
388,Mingge Xu,18.7,1365.9,369,1338.9,410,1298.0,479,1301.6,1566.3,2025-12,337,0.14
389,Ilinca Dalina Amariei,23.9,1365.1,473,1252.4,347,1346.9,369,1357.5,1378.1,2026-07,628,-0.48
390,Viola Turini,20.5,1364.1,421,1299.0,335,1360.4,370,1357.1,1389.9,2026-07,513,-0.27
391,Carol Zhao,31.1,1363.8,328,1381.8,438,1282.0,418,1334.9,1576.7,2017-11,583,-0.40
392,Dalila Spiteri,29.2,1362.6,437,1281.5,337,1359.1,372,1356.3,1488.8,2023-07,361,0.08
393,Rasheeda Mcadoo,31.1,1362.2,418,1301.0,381,1313.1,373,1356.1,1373.7,2026-08,453,-0.14
394,Jia Jing Lu,36.6,1361.6,380,1331.0,360,1331.4,515,1271.4,1530.1,2021-01,381,0.03
395,Natsumi Kawaguchi,23.8,1359.8,365,1342.2,417,1294.9,436,1324.4,1517.4,2023-05,397,-0.01
396,Iva Primorac,30.2,1358.6,479,1245.9,323,1368.2,377,1354.3,1436.2,2024-09,442,-0.11
397,Yufei Ren,20.3,1357.8,409,1310.1,325,1367.1,379,1353.9,1428.5,2024-05,336,0.17
398,Victoria Rodriguez,30.8,1356.9,368,1340.7,411,1297.8,380,1353.5,1470.7,2015-10,433,-0.08
399,Miriana Tona,31.5,1356.8,381,1329.4,365,1327.4,381,1353.4,1429.3,2024-04,358,0.11
400,Tena Lukas,31.2,1356.6,414,1304.9,354,1337.3,422,1331.5,1543.0,2018-07,428,-0.07
401,Hanna Chang,28.4,1355.0,389,1322.6,312,1377.2,472,1304.4,1505.5,2025-04,295,0.31
402,Esther Adeshina,24.8,1353.1,429,1290.0,422,1291.6,360,1360.0,1376.4,2026-07,478,-0.17
403,Miriam Bianca Bulgaru,27.8,1352.6,441,1279.1,373,1321.2,456,1313.7,1590.4,2024-09,252,0.47
404,Elena Malygina,26.1,1350.5,336,1370.9,453,1265.8,238,1425.3,1470.1,2019-02,319,0.24
405,Ranah Akua Stoiber,21.0,1350.0,386,1325.2,427,1287.9,442,1321.0,1450.1,2025-08,553,-0.31
406,Kira Pavlova,22.2,1349.6,382,1329.3,424,1289.8,385,1349.8,1394.5,2024-04,350,0.15
407,Mathilde Lollia,26.1,1348.6,457,1260.6,369,1323.2,386,1349.3,1472.7,2025-09,637,-0.45
408,Sohyun Park,24.1,1347.2,349,1359.1,413,1297.6,242,1423.6,1536.6,2019-09,338,0.19
409,Ayano Shimizu,28.1,1346.8,404,1314.7,487,1231.7,366,1358.5,1527.1,2018-07,575,-0.34
410,Valeria Savinykh,35.4,1344.2,397,1318.9,472,1247.5,452,1314.8,1713.2,2012-03,665,-0.48
411,Ekaterina Maklakova,22.2,1343.3,399,1318.3,386,1309.9,390,1346.6,1496.6,2024-03,445,-0.08
412,Denislava Glushkova,22.5,1342.0,281,1421.0,367,1323.9,248,1421.0,1441.2,2023-04,395,0.04
413,Haley Giavara,25.6,1341.6,390,1322.1,466,1252.3,374,1356.0,1423.4,2023-07,449,-0.08
414,Viktoria Morvayova,25.3,1341.1,378,1332.3,457,1264.1,327,1377.6,1441.9,2026-03,300,0.32
415,Amelia Rajecki,24.1,1340.8,480,1245.8,432,1285.4,507,1279.9,1468.1,2024-06,367,0.12
416,Malaika Rapolu,23.2,1340.6,388,1324.0,428,1287.7,391,1345.3,1526.4,2024-11,339,0.20
417,Kristiana Sidorova,20.1,1339.9,372,1338.3,461,1260.4,392,1344.9,1462.0,2026-02,405,0.03
418,Rina Saigo,25.7,1338.9,384,1328.0,476,1245.5,399,1341.0,1407.3,2023-05,275,0.42
419,Saki Imamura,23.6,1338.0,400,1318.1,437,1284.0,413,1336.0,1427.6,2025-10,642,-0.43
420,Alina Granwehr,23.0,1335.7,436,1282.8,377,1316.9,393,1342.8,1421.5,2026-04,322,0.27
421,Zuzanna Pawlikowska,21.4,1335.6,374,1337.2,436,1284.3,394,1342.8,1487.4,2026-02,372,0.12
422,Manon Leonard,25.4,1335.4,370,1338.9,525,1168.9,521,1265.9,1574.5,2024-03,331,0.24
423,Hina Inoue,23.1,1335.4,402,1317.6,497,1211.5,410,1337.4,1550.8,2024-10,286,0.39
424,Lina Glushko,26.5,1334.3,387,1324.7,406,1299.0,285,1396.6,1581.4,2019-02,532,-0.23
425,Weronika Ewald,20.4,1333.3,447,1272.7,326,1365.5,397,1341.6,1428.5,2026-02,419,0.01
426,Katarina Kuzmova,24.9,1331.2,385,1326.0,514,1189.1,400,1340.6,1388.3,2026-06,278,0.43
427,Dalayna Hewitt,25.6,1331.1,403,1316.8,493,1218.7,401,1340.5,1492.7,2022-03,605,-0.35
428,Ekaterina Kazionova,27.5,1330.7,416,1303.0,396,1301.8,445,1319.5,1515.5,2025-07,470,-0.09
429,Anastasia Abbagnato,22.6,1330.6,434,1284.1,368,1323.3,402,1340.3,1447.4,2025-10,557,-0.26
430,Carlota Martinez Cirez,25.4,1330.5,501,1223.4,383,1311.9,440,1321.3,1420.6,2025-07,392,0.09
431,Antonia Vergara Rivera,19.7,1328.8,440,1279.4,379,1315.1,403,1339.4,1395.9,2025-11,352,0.20
432,Lucie Nguyen Tan,23.1,1327.9,469,1254.8,412,1297.7,404,1339.0,1491.1,2022-06,430,0
433,Diana Martynov,25.2,1327.3,433,1284.5,414,1296.6,406,1338.6,1521.5,2024-10,441,-0.02
434,Gabriela Ce,33.4,1325.7,465,1256.6,391,1305.2,463,1310.9,1517.0,2022-05,327,0.28
435,Tatiana Pieri,27.3,1325.0,432,1285.3,408,1298.6,409,1337.5,1415.2,2025-09,387,0.12
436,Georgina Garcia Perez,34.1,1324.4,426,1295.5,358,1333.1,473,1304.4,1676.8,2018-09,794,-0.60
437,Aneta Laboutkova,26.2,1323.5,489,1235.9,399,1301.2,411,1336.8,1339.7,2026-08,436,0
438,Jana Kolodynska,22.4,1322.7,398,1318.7,506,1201.2,485,1297.5,1443.8,2023-10,599,-0.31
439,Gergana Topalova,25.8,1322.3,527,1172.7,385,1310.1,431,1326.0,1455.2,2024-07,502,-0.13
440,Radka Zelnickova,23.1,1321.7,424,1297.6,459,1263.1,414,1335.9,1368.0,2025-11,353,0.22
441,Wushuang Zheng,27.5,1319.7,411,1308.2,475,1245.9,419,1334.9,1518.4,2025-04,515,-0.16
442,Carolyn Ansari,25.5,1318.1,406,1312.1,458,1263.9,458,1313.3,1477.4,2026-05,249,0.57
443,Raluka Serban,29.0,1316.7,362,1345.5,419,1292.5,398,1341.2,1648.9,2022-04,340,0.26
444,Sahaja Yamalapalli,25.7,1315.6,423,1298.5,480,1238.7,450,1315.7,1465.4,2026-01,344,0.26
445,Anouck Vrancken Peeters,23.4,1314.1,359,1350.2,433,1285.4,527,1257.4,1550.4,2026-05,320,0.33
446,Momoko Kobori,27.9,1313.9,413,1306.3,519,1180.1,469,1306.0,1439.9,2018-05,371,0.18
447,Georgia Pedone,21.8,1311.7,528,1168.6,382,1313.1,438,1323.2,1563.8,2024-09,308,0.37
448,Cagla Buyukakcay,36.8,1310.9,405,1312.1,425,1289.7,542,1219.7,1727.7,2016-05,427,0.05
449,Julie Pastikova,18.1,1310.9,461,1258.3,394,1302.9,423,1330.5,1483.5,2024-06,413,0.08
450,Valentina Steiner,20.0,1310.1,442,1276.9,393,1303.4,424,1330.0,1328.5,2026-08,504,-0.11
451,Emily Appleton,26.8,1308.9,448,1272.2,485,1235.0,487,1296.7,1437.9,2024-06,473,-0.05
452,Priska Madelyn Nugroho,23.1,1307.9,428,1295.4,356,1335.1,265,1404.0,1559.9,2020-03,399,0.12
453,Daria Lodikova,29.4,1307.8,492,1234.1,401,1301.1,426,1328.9,1453.4,2024-10,600,-0.28
454,Jessica Pieri,29.2,1307.6,454,1262.8,403,1300.4,447,1318.3,1610.2,2021-05,332,0.31
455,Victoria Allen,25.4,1306.9,431,1286.2,452,1268.5,533,1248.9,1316.4,2026-07,439,0.04
456,Ana Sofia Sanchez,32.2,1306.4,443,1275.9,388,1309.1,478,1302.3,1487.1,2025-07,366,0.22
457,Ellie Schoppe,24.6,1305.3,407,1312.0,478,1243.4,427,1327.7,1340.4,2025-09,769,-0.52
458,Dayeon Back,24.5,1305.3,456,1260.9,430,1286.8,428,1327.7,1506.1,2024-09,270,0.53
459,Sofia Rocchetti,23.9,1304.7,471,1252.8,420,1292.1,430,1327.3,1366.9,2025-11,548,-0.18
460,Lia Karatancheva,22.9,1304.7,496,1228.1,418,1292.7,429,1327.3,1478.0,2025-05,375,0.20
461,Joelle Lilly Sophie Steur,22.3,1299.7,427,1295.5,454,1265.6,433,1324.8,1318.5,2026-07,359,0.25
462,Mell Elizabeth Reasco Gonzalez,23.9,1296.2,346,1364.0,474,1246.1,281,1398.1,1440.8,2026-01,335,0.32
463,Maria Kozyreva,27.1,1296.0,412,1307.6,470,1248.8,522,1265.9,1586.1,2024-03,585,-0.23
464,Meiqi Guo,26.2,1295.7,475,1251.4,447,1274.5,439,1322.8,1346.6,2025-09,607,-0.27
465,Diletta Cherubini,24.2,1292.5,495,1231.3,445,1276.3,441,1321.3,1417.6,2025-06,374,0.22
466,Anastasia Tikhonova,25.5,1291.2,445,1273.9,463,1253.2,284,1397.2,1592.0,2022-03,265,0.56
467,Cristina Diaz Adrover,20.3,1290.4,509,1217.7,426,1289.0,443,1320.2,1359.0,2025-09,613,-0.27
468,Maria Florencia Urrutia,25.3,1289.8,458,1259.9,443,1279.5,444,1319.9,1383.6,2026-05,474,-0.01
469,Sofia Johnson,,1289.3,452,1264.9,483,1236.4,467,1308.8,1300.8,2026-06,461,0.02
470,Alessandra Mazzola,26.6,1287.2,460,1258.6,450,1272.1,446,1318.6,1514.5,2025-07,393,0.18
471,Lucia Cortez Llorca,26.1,1285.7,530,1167.9,359,1332.2,448,1317.8,1483.2,2024-08,475,-0.01
472,Valentini Grammatikopoulou,29.4,1284.9,463,1257.2,402,1300.7,534,1247.7,1617.7,2018-04,554,-0.16
473,Sofia Elena Cabezas Dominguez,24.2,1283.1,417,1302.3,510,1197.0,449,1316.5,1416.1,2026-02,497,-0.05
474,Ariana Arseneault,24.1,1281.6,449,1271.1,491,1226.3,484,1298.4,1301.8,2026-06,385,0.21
475,Madison Sieg,23.1,1279.7,446,1273.5,489,1227.9,453,1314.8,1336.0,2025-07,348,0.31
476,Nahia Berecoechea,22.2,1278.9,511,1217.3,441,1280.8,454,1314.4,1374.4,2026-02,503,-0.06
477,Elina Nepliy,28.7,1278.8,474,1251.7,409,1298.0,455,1314.4,1369.6,2025-10,476,0
478,Andreea Prisacariu,26.4,1275.9,483,1241.0,465,1252.4,459,1313.0,1380.7,2022-05,501,-0.05
479,Tiphanie Fiquet,26.2,1275.6,470,1254.0,449,1272.3,460,1312.8,1449.7,2025-10,406,0.17
480,Carla Markus,20.2,1275.1,472,1252.6,455,1265.2,461,1312.6,1351.3,2026-01,500,-0.04
481,Indianna Spink,23.7,1273.2,453,1264.7,467,1251.6,499,1285.3,1348.9,2026-06,636,-0.28
482,Alice Robbe,25.9,1272.4,508,1217.8,364,1329.2,481,1300.5,1499.5,2023-10,863,-0.58
483,Yasmine Mansouri,25.2,1270.1,430,1287.5,536,1137.4,464,1310.1,1399.3,2024-11,379,0.24
484,Francesca Pace,20.9,1269.6,455,1262.8,477,1244.9,465,1309.8,1341.4,2026-06,356,0.31
485,Ekaterina Ovcharenko,25.5,1269.1,500,1224.0,439,1281.8,466,1309.5,1402.6,2025-09,653,-0.30
486,Leonie Kung,24.9,1268.4,425,1297.5,490,1226.5,529,1256.0,1632.1,2021-03,903,-0.62
487,Anna Sinclair Rogers,28.3,1268.3,484,1240.2,479,1242.1,434,1324.7,1432.3,2024-11,318,0.43
488,Carolina Alves,30.2,1267.2,450,1268.7,468,1251.3,525,1260.0,1582.2,2022-05,314,0.44
489,Beatrise Zeltina,19.3,1267.2,513,1210.5,448,1274.4,468,1308.6,1327.4,2025-09,458,0.07
490,Briana Szabo,20.6,1266.0,485,1238.3,442,1280.2,313,1383.0,1437.6,2021-08,531,-0.08
491,Urszula Radwanska,35.6,1264.1,488,1236.0,374,1319.8,474,1304.3,1885.0,2012-09,650,-0.28
492,Jiaqi Wang,24.1,1261.6,478,1246.8,488,1228.3,470,1305.8,1355.4,2025-09,400,0.21
493,Ankita Raina,33.5,1261.5,493,1233.0,376,1317.2,518,1267.4,1517.7,2018-04,604,-0.20
494,Martina Colmegna,29.6,1260.3,481,1245.2,471,1248.5,471,1305.2,1526.9,2023-01,343,0.36
495,Yujia Huang,23.7,1258.3,420,1300.0,535,1140.7,475,1304.2,1366.8,2026-07,457,0.08
496,Dasha Plekhanova,22.4,1257.6,491,1234.6,503,1204.6,476,1303.8,1414.0,2025-10,758,-0.42
497,Alana Smith,26.7,1256.3,459,1258.9,529,1160.1,513,1273.8,1489.9,2024-11,463,0.07
498,Peangtarn Plipuech,33.5,1254.6,468,1255.0,524,1175.7,511,1277.6,1452.6,2019-05,763,-0.43
499,Stephanie Judith Visscher,26.5,1253.0,467,1255.3,523,1176.0,480,1301.5,1322.9,2026-06,388,0.25
500,Laura Mair,23.6,1250.4,506,1219.1,469,1249.2,482,1300.2,1424.3,2025-10,434,0.14
501,Ying Zhang,30.2,1248.0,486,1238.2,512,1194.5,483,1299.0,1294.0,2026-07,660,-0.28
502,Eri Shimizu,27.9,1245.0,499,1225.9,481,1237.5,477,1303.6,1466.2,2024-09,418,0.18
503,Astrid Lew Yan Foon,20.9,1243.8,477,1249.6,495,1214.2,486,1296.9,1438.9,2024-04,479,0.05
504,Vaishnavi Adkar,21.5,1241.0,497,1227.2,484,1235.5,488,1295.5,1383.7,2026-02,390,0.26
505,Laura Hietaranta,22.4,1240.3,503,1223.1,502,1208.8,490,1295.1,1395.4,2026-05,402,0.23
506,Ksenia Zaytseva,21.9,1239.6,466,1255.7,500,1210.4,492,1294.8,1468.1,2023-12,527,-0.04
507,Celia Cervino Ruiz,28.6,1236.8,494,1232.9,513,1190.0,493,1293.4,1262.5,2026-08,686,-0.30
508,Ruien Zhang,18.2,1235.9,498,1226.6,486,1232.9,494,1292.9,1349.0,2025-04,671,-0.28
509,Nina Vargova,20.8,1235.1,514,1208.6,496,1213.2,495,1292.6,1333.2,2022-11,410,0.22
510,Josy Daems,20.3,1234.1,510,1217.7,516,1186.4,496,1292.0,1373.7,2025-08,539,-0.06
511,Maria Martinez Vaquero,24.4,1228.4,464,1256.7,534,1142.5,497,1289.2,1418.2,2025-08,506,0.01
512,Jasmijn Gimbrere,25.4,1222.6,507,1218.7,505,1201.5,537,1242.8,1371.5,2025-08,486,0.05
513,Katerina Tsygourova,26.2,1221.8,512,1212.1,498,1211.2,498,1285.9,1272.5,2026-02,396,0.26
514,Victoria Bosio,31.7,1220.0,521,1190.5,504,1203.6,500,1285.0,1487.2,2020-02,315,0.49
515,Isabella Maria Serban,20.3,1219.4,502,1223.4,511,1196.9,501,1284.7,1298.3,2026-05,510,0.01
516,Anastasiia Firman,19.5,1219.0,525,1182.6,499,1210.5,502,1284.5,1256.7,2026-07,595,-0.14
517,Bianca Elena Barbulescu,,1216.0,504,1223.0,518,1183.1,504,1283.0,1368.5,2025-09,591,-0.13
518,Ana Candiotto,22.2,1214.8,515,1201.6,509,1197.3,505,1282.4,1274.3,2025-10,465,0.11
519,Martina Okalova,29.1,1213.6,505,1222.4,515,1187.8,506,1281.8,1504.3,2025-05,490,0.06
520,Nicole Fossa Huergo,30.7,1209.6,517,1198.5,522,1176.4,508,1279.8,1453.7,2024-12,627,-0.19
521,Chelsea Fontenel,22.0,1206.4,490,1235.9,531,1152.3,509,1278.2,1325.7,2024-11,647,-0.22
522,Jana Otzipka,21.5,1206.2,482,1241.8,528,1162.5,510,1278.1,1280.2,2025-04,488,0.07
523,Sara Cakarevic,29.3,1202.3,524,1184.5,501,1210.4,512,1276.2,1459.6,2024-10,579,-0.10
524,Nika Radisic,26.2,1196.0,518,1192.7,508,1199.2,387,1348.0,1566.5,2021-07,896,-0.54
525,Victoria Hu,24.1,1194.8,519,1191.9,527,1164.4,514,1272.4,1478.5,2024-02,523,0
526,Gina Marie Dittmann,23.8,1190.4,526,1176.9,517,1184.9,516,1270.2,1337.5,2026-06,518,0.02
527,Ikumi Yamazaki,24.9,1189.0,523,1188.8,494,1215.3,517,1269.5,1493.3,2025-08,635,-0.19
528,Marine Szostak,24.4,1184.1,533,1152.7,492,1221.8,519,1267.0,1285.4,2025-10,736,-0.33
529,Gabriella Da Silva Fick,25.8,1184.0,529,1168.5,521,1177.4,520,1267.0,1310.4,2025-11,678,-0.25
530,Yaroslava Bartashevich,21.2,1181.5,539,1132.5,526,1167.1,523,1265.8,1499.9,2025-04,524,0.01
531,Kristina Novak,25.7,1180.9,516,1199.2,539,1125.9,524,1265.4,1336.8,2025-10,693,-0.27
532,Daria Zelinskaya,21.8,1168.9,532,1157.4,507,1199.5,526,1259.5,1337.4,2026-04,592,-0.11
533,Valeriya Strakhova,31.1,1164.9,541,1101.5,520,1179.3,528,1257.4,1455.2,2025-03,568,-0.06
534,Sofia Shapatava,37.5,1163.2,531,1165.2,530,1155.5,540,1227.0,1540.0,2014-06,462,0.14
535,Chengyiyi Yuan,25.7,1152.4,543,1070.0,482,1237.1,531,1251.2,1322.3,2016-10,481,0.11
536,Lian Tran,24.0,1152.3,520,1191.1,537,1133.6,530,1254.3,1501.0,2025-02,840,-0.45
537,Nadiia Kolb,33.2,1150.7,538,1134.4,533,1147.6,532,1250.3,1236.7,2026-02,912,-0.53
538,Ekaterina Yashina,32.9,1145.9,536,1143.4,543,1108.7,545,1208.1,1263.8,2011-07,520,0.03
539,Mayuka Aikawa,27.9,1139.1,540,1113.0,532,1151.7,535,1244.5,1237.7,2025-09,573,-0.06
540,Julia Adams,26.8,1138.2,534,1152.3,538,1128.8,536,1244.1,1380.3,2025-03,485,0.11
541,Ana Grubor,22.5,1127.8,537,1137.6,542,1114.8,538,1238.9,1221.7,2026-07,536,0.01
542,Sapfo Sakellaridi,23.3,1119.6,544,1069.8,541,1123.8,539,1234.8,1437.6,2023-07,448,0.19
543,Demi Tran,25.6,1092.4,535,1149.0,547,1065.1,541,1221.2,1298.0,2024-07,699,-0.25
544,Alba Rey Garcia,24.1,1089.1,542,1086.3,544,1097.3,543,1219.6,1169.0,2024-08,620,-0.13
545,Chenting Zhu,18.7,1082.0,545,1064.4,540,1125.5,544,1216.0,1205.2,2024-09,659,-0.19
546,Amy Zhu,31.6,1050.8,546,1060.2,545,1084.7,546,1200.4,1312.7,2019-09,698,-0.25
547,Sara Lanca,28.9,1019.6,547,1003.5,546,1077.3,547,1184.8,1187.1,2021-09,1177,-0.77
