elo_rank,player,age,elo,helo_rank,helo,celo_rank,celo,gelo_rank,gelo,peak_elo,peak_month,wta_rank,log_diff
1,Aryna Sabalenka,28.1,2220.0,1,2201.3,1,2103.1,1,1987.2,2271.7,2026-04,1,0
2,Elena Rybakina,26.9,2122.5,2,2110.0,5,2001.6,4,1883.7,2199.5,2026-04,2,0
3,Mirra Andreeva,19.0,2097.8,8,2005.8,2,2046.3,7,1827.3,2159.2,2025-03,5,-0.51
4,Jessica Pegula,32.3,2096.6,3,2058.0,8,1941.4,3,1903.4,2116.1,2026-04,4,0
5,Iga Swiatek,24.9,2080.1,5,2029.9,4,2016.2,2,1935.8,2291.0,2024-07,3,0.51
6,Coco Gauff,22.2,2071.2,4,2034.7,3,2018.4,8,1822.8,2155.7,2024-01,7,-0.15
7,Elina Svitolina,31.7,2067.1,9,1996.0,6,1993.1,6,1844.5,2120.6,2018-05,8,-0.13
8,Marta Kostyuk,23.9,2056.7,10,1967.5,7,1992.1,27,1737.4,2067.8,2026-05,13,-0.49
9,Karolina Muchova,29.8,2041.0,6,2021.5,11,1879.9,15,1774.2,2096.5,2026-04,11,-0.20
10,Victoria Mboko,19.7,2006.4,7,2006.5,14,1856.3,38,1706.9,2093.8,2026-03,9,0.11
11,Linda Noskova,21.5,1996.5,12,1922.8,19,1822.2,5,1875.2,1996.5,2026-06,10,0.10
12,Belinda Bencic,29.2,1989.0,11,1952.3,17,1848.5,14,1790.9,2100.0,2015-09,12,0
13,Naomi Osaka,28.6,1972.4,14,1913.9,12,1878.6,26,1741.1,2193.3,2021-03,15,-0.14
14,Madison Keys,31.3,1966.8,15,1909.9,9,1883.7,12,1793.2,2090.1,2016-08,27,-0.66
15,Sorana Cirstea,36.1,1956.6,13,1914.5,15,1855.8,43,1688.7,1972.4,2026-05,18,-0.18
16,Jasmine Paolini,30.3,1921.7,16,1880.8,13,1864.5,16,1770.3,2058.1,2025-10,14,0.13
17,Anna Kalinskaya,27.5,1915.0,18,1866.6,22,1808.4,33,1727.0,1948.6,2024-04,20,-0.16
18,Amanda Anisimova,24.7,1913.6,17,1879.6,40,1751.3,17,1768.0,2086.9,2025-11,6,1.10
19,Alexandra Eala,21.0,1910.7,22,1840.5,76,1684.9,9,1821.9,1922.7,2026-06,30,-0.46
20,Diana Shnaider,22.2,1909.8,21,1842.1,16,1850.2,32,1727.2,1976.1,2024-08,16,0.22
21,Marketa Vondrousova,26.5,1907.1,26,1825.8,31,1773.1,13,1791.1,2062.5,2023-08,122,-1.76
22,Iva Jovic,18.5,1905.7,19,1847.4,27,1792.8,11,1797.8,1951.1,2026-02,17,0.26
23,Anastasia Potapova,25.2,1904.1,29,1803.9,10,1881.4,45,1686.6,1944.4,2026-05,28,-0.20
24,Elise Mertens,30.5,1891.3,20,1846.3,21,1809.6,24,1748.1,2042.7,2021-04,26,-0.08
25,Barbora Krejcikova,30.4,1888.6,25,1827.0,55,1725.5,10,1802.3,2054.4,2021-08,37,-0.39
26,Karolina Pliskova,34.2,1880.3,27,1816.3,18,1822.9,19,1763.6,2089.1,2020-01,74,-1.05
27,Sonay Kartal,24.3,1874.0,24,1832.6,125,1602.3,29,1731.6,1879.9,2026-03,84,-1.13
28,Marie Bouzkova,27.9,1870.9,34,1798.4,25,1798.9,22,1751.3,1958.3,2022-10,22,0.24
29,Katerina Siniakova,30.0,1858.6,28,1813.2,51,1728.4,23,1751.1,1950.5,2017-01,34,-0.16
30,Qinwen Zheng,23.6,1857.8,23,1834.6,20,1814.1,83,1610.7,2098.3,2024-11,153,-1.63
31,Jelena Ostapenko,28.9,1851.5,36,1792.6,24,1806.6,18,1765.1,2029.5,2017-10,35,-0.12
32,Emma Navarro,25.0,1849.9,53,1755.4,28,1786.1,20,1755.8,2002.7,2024-08,24,0.29
33,Hailey Baptiste,24.5,1843.9,41,1780.5,32,1770.5,71,1631.6,1860.4,2026-05,31,0.06
34,Katie Boulter,29.8,1843.3,32,1801.0,65,1701.5,21,1755.0,1894.3,2024-03,59,-0.55
35,Veronika Kudermetova,28.4,1836.4,39,1785.9,35,1764.7,37,1709.5,1981.1,2023-05,113,-1.17
36,Taylor Townsend,30.1,1836.2,31,1801.3,49,1736.5,76,1627.5,1850.4,2026-05,81,-0.81
37,Emma Raducanu,23.5,1834.0,45,1772.9,54,1726.8,25,1742.6,1998.0,2021-08,32,0.15
38,Jaqueline Cristian,28.0,1833.9,30,1803.1,43,1746.1,138,1528.7,1855.2,2026-05,38,0
39,Magda Linette,34.3,1831.4,43,1779.6,34,1765.3,53,1669.4,1866.6,2023-02,58,-0.40
40,Anhelina Kalinina,29.3,1829.5,56,1744.3,23,1807.0,57,1652.7,1890.8,2022-06,70,-0.56
41,Ekaterina Alexandrova,31.5,1824.7,37,1789.9,53,1726.9,30,1730.4,1977.2,2020-02,19,0.77
42,Tereza Valentova,19.3,1824.6,33,1800.0,33,1766.5,85,1609.7,1939.6,2026-02,61,-0.37
43,Camila Osorio,24.4,1822.7,38,1788.2,47,1738.6,68,1635.5,1852.0,2023-06,69,-0.47
44,Peyton Stearns,24.6,1820.8,48,1763.4,36,1764.3,117,1562.4,1925.1,2025-05,63,-0.36
45,Maja Chwalinska,24.6,1820.2,67,1729.0,29,1786.0,92,1593.5,1825.3,2026-05,21,0.76
46,Elisabetta Cocciaretto,25.3,1819.7,42,1780.1,56,1720.0,39,1702.0,1858.1,2026-04,44,0.04
47,Caty Mcnally,24.5,1819.7,66,1732.4,42,1747.9,34,1716.2,1836.8,2026-06,50,-0.06
48,Olga Danilovic,25.0,1819.1,60,1739.8,26,1796.1,65,1639.9,1883.7,2025-05,200,-1.43
49,Ann Li,25.9,1818.0,54,1751.4,41,1748.9,87,1606.4,1894.4,2021-03,29,0.52
50,Maria Sakkari,30.8,1811.6,35,1796.0,37,1754.0,74,1630.7,2067.5,2022-03,39,0.25
51,Oleksandra Oliynykova,25.3,1810.1,146,1590.4,39,1751.4,115,1564.3,1825.0,2026-05,49,0.04
52,Varvara Gracheva,25.6,1809.9,49,1763.2,66,1701.4,63,1641.3,1840.6,2026-02,72,-0.33
53,Donna Vekic,29.9,1807.6,62,1735.8,38,1753.9,31,1728.6,1947.0,2019-08,33,0.47
54,Leylah Fernandez,23.7,1806.4,40,1785.2,64,1702.4,58,1649.9,1977.3,2022-03,23,0.85
55,Daria Kasatkina,29.1,1805.8,50,1762.4,30,1774.8,46,1683.6,2036.5,2018-03,68,-0.21
56,Yulia Putintseva,31.4,1804.7,52,1758.3,46,1740.1,64,1640.2,1933.4,2025-01,85,-0.42
57,Eva Lys,24.4,1803.6,44,1775.9,74,1688.3,75,1629.9,1896.2,2025-10,77,-0.30
58,Dayana Yastremska,26.0,1791.6,65,1732.9,50,1730.9,50,1673.4,1978.4,2019-02,66,-0.13
59,Rebeka Masarova,26.8,1788.8,84,1701.3,48,1737.1,35,1711.2,1817.5,2023-04,156,-0.97
60,Elena Gabriela Ruse,28.5,1788.2,70,1723.5,59,1713.3,40,1694.5,1845.7,2022-02,105,-0.56
61,Zeynep Sonmez,24.1,1787.9,69,1724.0,88,1663.0,52,1670.2,1804.3,2026-06,54,0.12
62,Nikola Bartunkova,20.3,1787.5,72,1719.2,75,1685.6,47,1679.2,1790.0,2026-06,46,0.30
63,Katie Volynets,24.4,1785.8,63,1735.7,58,1715.1,59,1648.0,1828.5,2024-06,99,-0.45
64,Mccartney Kessler,26.9,1783.9,46,1772.6,89,1661.4,55,1664.0,1933.3,2025-03,62,0.03
65,Ashlyn Krueger,22.0,1779.1,75,1717.5,101,1644.2,36,1710.8,1896.7,2025-02,96,-0.39
66,Paula Badosa,28.5,1779.0,55,1747.4,77,1684.1,60,1646.7,2078.1,2022-01,140,-0.75
67,Laura Siegemund,38.2,1779.0,73,1718.5,68,1696.9,56,1663.8,1917.6,2016-08,40,0.52
68,Yuliia Starodubtseva,26.3,1775.1,91,1676.3,52,1727.1,82,1617.4,1834.9,2024-10,55,0.21
69,Clara Tauson,23.4,1775.0,51,1761.7,80,1679.4,80,1617.6,1949.0,2025-07,25,1.02
70,Viktorija Golubic,33.6,1774.7,71,1719.9,85,1667.0,51,1670.9,1836.2,2021-07,64,0.09
71,Anastasia Pavlyuchenkova,34.8,1774.6,58,1741.6,72,1692.1,48,1678.7,2058.1,2011-05,114,-0.47
72,Solana Sierra,21.9,1774.3,112,1652.9,44,1743.9,81,1617.5,1788.8,2026-06,56,0.25
73,Daria Snigur,24.1,1772.7,64,1734.0,112,1620.2,66,1639.9,1787.8,2026-06,78,-0.07
74,Liudmila Samsonova,27.5,1764.1,74,1717.5,60,1712.6,41,1693.4,1984.3,2023-10,42,0.57
75,Sara Bejlek,20.3,1760.5,59,1740.8,57,1716.2,181,1481.9,1860.5,2026-02,45,0.51
76,Antonia Ruzic,23.4,1757.0,68,1726.1,106,1629.9,67,1637.8,1797.5,2026-03,60,0.24
77,Diane Parry,23.7,1753.4,108,1655.9,73,1690.1,44,1686.9,1763.9,2024-03,47,0.49
78,Xiyu Wang,25.2,1751.8,76,1713.5,61,1709.6,106,1573.0,1803.0,2024-02,86,-0.10
79,Anna Bondar,29.0,1748.1,104,1661.0,45,1740.7,149,1513.4,1786.6,2022-05,75,0.05
80,Robin Montgomery,21.7,1747.4,111,1653.7,117,1616.7,28,1736.2,1779.9,2024-07,194,-0.89
81,Talia Gibson,21.9,1745.6,47,1768.6,155,1559.4,96,1590.4,1862.6,2026-03,57,0.35
82,Xin Yu Wang,24.7,1742.2,80,1706.7,108,1624.4,42,1689.1,1853.9,2025-08,52,0.46
83,Kimberly Birrell,28.1,1734.9,57,1742.0,179,1526.8,111,1566.4,1829.9,2026-03,73,0.13
84,Kaitlin Quevedo,20.3,1732.3,118,1642.2,78,1682.2,129,1541.1,1752.4,2026-06,106,-0.23
85,Aliaksandra Sasnovich,32.2,1731.5,85,1699.7,93,1657.3,86,1607.9,1944.3,2019-01,124,-0.38
86,Magdalena Frech,28.4,1728.9,83,1702.1,98,1649.6,113,1565.1,1846.4,2024-10,43,0.69
87,Lois Boisson,23.0,1727.9,167,1568.3,70,1693.7,161,1499.4,1855.3,2025-07,154,-0.57
88,Shuai Zhang,37.3,1724.9,88,1698.2,127,1601.2,73,1631.2,1873.3,2018-01,67,0.27
89,Greet Minnen,28.8,1722.9,97,1666.8,129,1593.6,49,1678.4,1795.8,2020-02,195,-0.78
90,Ajla Tomljanovic,33.0,1722.7,77,1711.5,115,1618.5,54,1666.6,1907.7,2022-08,98,-0.09
91,Polina Kudermetova,23.0,1722.3,117,1643.8,82,1677.3,105,1576.6,1770.3,2024-12,116,-0.24
92,Cristina Bucsa,28.3,1721.8,78,1710.0,153,1562.6,91,1593.6,1794.9,2026-03,36,0.94
93,Jessica Bouzas Maneiro,23.7,1721.4,102,1663.8,83,1677.2,70,1632.2,1857.3,2025-08,48,0.66
94,Lanlana Tararudee,21.9,1721.2,79,1707.8,150,1564.9,107,1572.9,1788.7,2026-03,95,-0.01
95,Anastasia Zakharova,24.4,1719.7,82,1702.5,134,1583.9,94,1592.7,1770.4,2026-03,91,0.04
96,Bianca Andreescu,25.9,1719.3,86,1698.9,99,1649.2,89,1602.4,2157.5,2019-09,180,-0.63
97,Anastasija Sevastova,35.7,1718.5,100,1664.3,69,1695.0,79,1619.5,1998.3,2018-10,285,-1.08
98,Alina Charaeva,24.0,1710.1,136,1612.9,81,1677.7,112,1565.7,1736.9,2026-06,120,-0.20
99,Laura Samson,18.2,1709.8,179,1555.0,63,1704.9,137,1529.9,1739.9,2026-06,146,-0.39
100,Mia Pohankova,17.6,1709.4,121,1637.8,126,1601.7,124,1546.9,1739.1,2026-02,244,-0.89
101,Maria Timofeeva,22.5,1708.0,135,1613.5,62,1706.4,225,1440.8,1726.6,2026-06,92,0.09
102,Lilli Tagger,18.2,1707.2,87,1698.9,123,1603.5,139,1528.6,1845.8,2026-04,83,0.21
103,Marina Stakusic,21.3,1706.7,93,1672.1,158,1558.8,93,1592.9,1794.3,2024-02,139,-0.30
104,Kamilla Rakhimova,24.7,1706.6,90,1677.8,118,1616.1,78,1620.2,1753.6,2025-08,65,0.47
105,Kaja Juvan,25.5,1705.3,119,1641.8,67,1698.0,61,1646.0,1825.6,2022-05,130,-0.21
106,Hanne Vandewinkel,22.0,1704.2,61,1737.3,148,1565.7,118,1560.9,1801.0,2026-04,100,0.06
107,Yafan Wang,31.4,1703.6,92,1673.0,173,1538.6,130,1539.9,1853.2,2019-03,351,-1.19
108,Sofia Kenin,27.5,1702.7,103,1662.9,91,1659.5,103,1583.2,2057.0,2020-02,104,0.04
109,Alina Korneeva,18.9,1700.2,81,1705.6,171,1540.6,165,1497.0,1802.5,2024-10,94,0.15
110,Sinja Kraus,24.1,1698.3,125,1625.9,87,1665.3,146,1516.4,1735.7,2026-05,93,0.17
111,Mananchaya Sawangkaew,23.9,1697.1,107,1657.6,164,1551.4,95,1592.4,1775.4,2025-02,164,-0.39
112,Anna Blinkova,27.7,1697.1,110,1655.4,124,1603.4,84,1610.7,1830.2,2019-10,107,0.05
113,Petra Marcinko,20.5,1695.9,133,1614.6,79,1680.8,200,1467.7,1759.7,2026-01,51,0.80
114,Elina Avanesyan,23.7,1694.2,120,1639.9,86,1666.7,98,1588.0,1835.3,2024-08,212,-0.62
115,Vera Zvonareva,41.7,1691.7,105,1658.8,120,1613.3,72,1631.5,2185.6,2009-03,309,-0.99
116,Tatiana Prozorova,22.6,1688.9,99,1666.4,131,1592.5,119,1558.2,1730.1,2025-02,171,-0.39
117,Storm Hunter,31.8,1688.8,95,1671.7,165,1549.6,101,1584.8,1792.2,2024-03,185,-0.46
118,Darja Vidmanova,23.4,1688.1,94,1672.0,166,1549.3,100,1586.7,1694.3,2026-03,90,0.27
119,Jil Teichmann,28.9,1686.8,124,1630.9,95,1652.8,207,1457.1,1922.9,2022-05,126,-0.06
120,Simona Waltert,25.4,1682.0,137,1612.1,90,1660.9,174,1486.8,1744.4,2025-10,88,0.31
121,Kristina Liutova,16.3,1681.3,144,1592.4,119,1615.2,147,1515.7,1681.3,2026-06,236,-0.67
122,Moyuka Uchijima,24.7,1680.5,123,1633.2,103,1639.3,190,1476.8,1822.8,2025-04,108,0.12
123,Maya Joint,20.1,1677.7,98,1666.7,111,1621.3,88,1603.6,1889.3,2025-09,53,0.84
124,Celine Naef,20.9,1677.0,109,1655.8,205,1498.5,69,1634.8,1713.2,2023-09,193,-0.44
125,Dalma Galfi,27.8,1676.9,142,1600.0,94,1657.0,97,1589.3,1748.0,2025-10,115,0.08
126,Renata Zarazua,28.7,1676.7,116,1645.6,130,1592.8,120,1556.9,1763.5,2026-01,76,0.51
127,Tamara Korpatsch,31.0,1675.8,138,1604.3,92,1659.4,213,1449.7,1717.5,2022-10,79,0.47
128,Lin Zhu,32.3,1674.1,114,1646.9,246,1455.1,126,1545.2,1808.9,2023-09,141,-0.10
129,Panna Udvardy,27.7,1673.1,164,1572.8,107,1624.7,121,1555.9,1704.6,2023-01,71,0.60
130,Caroline Dolehide,27.5,1672.6,122,1637.5,114,1618.7,175,1485.3,1757.6,2025-07,215,-0.50
131,Tyra Caterina Grant,18.2,1671.2,190,1543.9,100,1647.6,153,1510.6,1700.4,2026-06,173,-0.28
132,Emerson Jones,17.9,1671.1,101,1663.9,251,1449.6,152,1511.1,1760.8,2026-03,135,-0.02
133,Jeline Vandromme,18.5,1670.5,96,1670.6,175,1535.6,154,1510.2,1787.2,2026-04,161,-0.19
134,Janice Tjen,24.1,1669.6,89,1690.2,147,1566.1,122,1550.7,1897.7,2025-10,41,1.18
135,Katarzyna Kawa,33.5,1667.8,226,1490.9,84,1669.5,125,1546.6,1667.8,2026-06,121,0.11
136,Oksana Selekhmeteva,23.4,1667.0,106,1658.7,109,1624.3,169,1490.8,1787.8,2026-02,89,0.42
137,Sara Sorribes Tormo,29.6,1663.9,147,1590.3,96,1651.9,131,1537.0,1900.8,2021-08,252,-0.61
138,Tamara Zidansek,28.4,1663.4,152,1585.4,97,1650.5,176,1484.9,1857.1,2019-06,132,0.04
139,Alycia Parks,25.4,1663.0,115,1646.5,140,1573.8,155,1509.7,1824.7,2023-01,80,0.55
140,Fiona Ferro,29.2,1662.1,126,1624.0,122,1605.1,178,1482.9,1864.6,2021-03,187,-0.29
141,Sloane Stephens,33.1,1660.0,130,1618.6,104,1637.2,104,1577.8,2028.2,2017-08,316,-0.81
142,Darja Semenistaja,23.7,1659.5,165,1570.9,102,1642.1,123,1550.5,1736.4,2025-10,102,0.33
143,Tatjana Maria,38.8,1659.2,150,1586.8,152,1563.8,62,1645.5,1804.5,2009-08,112,0.24
144,Venus Williams,45.8,1659.1,129,1619.2,143,1572.9,99,1587.8,2458.5,2002-08,471,-1.19
145,Mayar Sherif,30.1,1658.6,225,1491.5,105,1637.2,177,1484.5,1863.6,2023-06,110,0.28
146,Mary Stoiana,23.0,1654.4,169,1565.9,181,1522.5,90,1597.2,1674.8,2026-06,131,0.11
147,Leolia Jeanjean,30.8,1653.2,148,1587.8,113,1619.9,160,1500.7,1696.6,2026-05,133,0.10
148,Veronika Podrez,19.4,1649.3,172,1563.8,163,1551.7,196,1469.1,1692.4,2026-05,144,0.03
149,Anca Alexia Todoni,20.9,1643.2,184,1550.5,71,1692.2,148,1514.3,1785.1,2025-01,557,-1.32
150,Yue Yuan,27.7,1641.6,132,1616.8,145,1568.8,159,1501.8,1869.7,2024-04,123,0.20
151,Claire Liu,26.0,1639.8,127,1620.3,133,1586.5,162,1499.3,1814.6,2022-05,145,0.04
152,Rebecca Sramkova,29.6,1634.4,128,1619.4,151,1564.6,128,1541.9,1821.7,2024-11,136,0.11
153,Andrea Lazaro Garcia,31.5,1632.4,197,1532.2,116,1618.5,198,1468.5,1666.1,2026-06,150,0.02
154,Lulu Sun,25.1,1632.3,113,1652.0,231,1475.0,136,1531.4,1831.6,2024-08,109,0.35
155,Viktoriya Tomova,31.2,1629.6,149,1587.7,137,1575.8,134,1531.8,1752.1,2024-06,174,-0.12
156,Francesca Jones,25.7,1625.8,154,1584.4,110,1624.0,220,1444.0,1798.6,2025-09,103,0.42
157,Rebecca Marino,34.7,1625.6,145,1590.9,208,1493.4,109,1570.6,1833.6,2010-11,388,-0.90
158,Polina Iatcenko,22.4,1624.3,161,1576.3,284,1411.5,77,1627.2,1750.9,2025-10,155,0.02
159,Ella Seidel,21.3,1623.0,131,1617.4,178,1530.1,140,1526.8,1809.9,2025-10,97,0.49
160,Veronika Erjavec,26.4,1621.3,204,1519.9,121,1606.6,135,1531.7,1722.2,2025-09,87,0.61
161,Noma Noha Akugue,22.5,1620.9,151,1586.5,168,1544.6,250,1428.0,1668.1,2023-08,152,0.06
162,Dominika Salkova,21.9,1617.3,134,1614.1,161,1552.5,206,1457.9,1685.2,2025-07,128,0.24
163,Himeno Sakatsume,24.8,1614.9,141,1600.6,217,1485.2,183,1481.7,1709.1,2026-03,125,0.27
164,Taylah Preston,20.6,1614.9,143,1597.9,283,1412.8,173,1488.8,1747.0,2024-03,119,0.32
165,Beatriz Haddad Maia,30.0,1614.9,159,1579.7,128,1600.5,102,1583.6,1945.0,2022-08,117,0.34
166,Julia Grabher,29.9,1612.5,231,1486.1,132,1592.3,285,1403.9,1695.8,2026-01,118,0.34
167,Victoria Jimenez Kasintseva,20.8,1612.0,153,1585.2,154,1561.1,179,1482.6,1709.5,2025-09,111,0.41
168,Elsa Jacquemot,23.1,1610.1,158,1580.9,170,1542.2,141,1523.5,1766.8,2025-09,82,0.72
169,Kayla Day,26.6,1608.4,156,1582.9,149,1565.1,252,1426.8,1756.9,2016-10,138,0.20
170,Vendula Valdmannova,18.4,1607.9,139,1602.3,315,1371.6,133,1533.8,1657.9,2026-06,202,-0.17
171,Lisa Pigato,22.9,1606.1,177,1558.5,135,1579.4,132,1536.6,1723.0,2026-04,134,0.24
172,Alisa Oktiabreva,17.7,1605.8,256,1456.6,136,1577.0,189,1477.9,1636.4,2026-04,310,-0.59
173,Harriet Dart,29.8,1604.0,155,1583.9,264,1436.2,143,1521.4,1727.2,2022-06,151,0.14
174,Priscilla Hon,28.0,1601.5,157,1581.6,212,1488.8,191,1474.8,1722.2,2025-09,149,0.16
175,Leyre Romero Gormaz,24.1,1601.4,205,1519.0,144,1571.3,217,1446.2,1656.1,2024-06,142,0.21
176,Martyna Kubka,25.1,1601.1,170,1565.4,221,1481.1,116,1562.9,1627.8,2026-06,214,-0.20
177,Suzan Lamens,26.9,1600.7,176,1561.7,180,1525.3,150,1512.8,1795.2,2025-04,129,0.32
178,Maddison Inglis,28.3,1598.0,174,1562.2,254,1447.6,168,1492.4,1649.6,2026-01,148,0.18
179,Tereza Martincova,31.6,1596.6,160,1576.5,226,1479.8,114,1564.9,1811.8,2022-03,265,-0.39
180,Guiomar Maristany Zuleta De Reales,27.2,1595.9,216,1506.8,138,1575.4,234,1434.3,1617.3,2026-05,181,-0.01
181,Emiliana Arango,25.5,1595.3,175,1561.8,172,1538.8,272,1414.0,1698.2,2025-02,101,0.58
182,Linda Fruhvirtova,21.1,1593.6,140,1602.0,240,1461.2,151,1511.9,1764.1,2023-03,162,0.12
183,Carson Branstine,25.3,1593.6,210,1511.9,156,1559.2,108,1571.3,1675.2,2025-09,433,-0.86
184,Lucia Bronzetti,27.4,1593.5,195,1536.4,141,1573.7,193,1471.2,1777.9,2025-03,127,0.37
185,Linda Klimovicova,21.9,1593.0,163,1573.0,216,1485.3,259,1423.7,1720.6,2026-01,167,0.10
186,Akasha Urhobo,19.3,1592.2,262,1448.5,160,1555.3,164,1497.1,1617.8,2026-04,176,0.06
187,Hanyu Guo,28.0,1591.2,162,1575.1,215,1485.7,184,1481.5,1647.8,2026-03,159,0.16
188,Fiona Crawley,24.0,1591.1,185,1550.0,304,1381.8,195,1470.5,1639.5,2026-02,232,-0.21
189,Polona Hercog,35.3,1589.6,201,1524.1,142,1573.5,142,1522.8,1894.8,2011-07,225,-0.17
190,Susan Bandecchi,27.9,1588.3,198,1531.6,187,1514.4,192,1473.4,1598.1,2026-06,168,0.12
191,Elvina Kalieva,22.8,1587.2,186,1548.8,183,1521.4,248,1428.6,1616.7,2026-04,137,0.33
192,Varvara Lepchenko,40.0,1586.7,173,1562.8,169,1543.2,197,1468.9,1891.7,2015-01,175,0.09
193,Zhuoxuan Bai,23.4,1584.2,171,1565.1,258,1444.4,127,1545.2,1740.2,2024-01,263,-0.31
194,Jana Fett,29.0,1579.7,202,1522.8,159,1556.2,167,1496.4,1755.5,2017-10,411,-0.75
195,Francesca Curmi,23.9,1579.2,242,1473.6,146,1567.2,203,1464.6,1579.2,2026-06,268,-0.32
196,Harmony Tan,28.7,1579.0,189,1544.2,274,1424.2,110,1567.1,1709.7,2022-08,199,-0.02
197,Jessika Ponchet,29.6,1576.5,217,1506.5,139,1574.2,182,1481.9,1622.0,2024-06,190,0.04
198,Madison Brengle,36.1,1575.4,193,1539.1,157,1559.0,172,1489.1,1853.0,2016-03,224,-0.12
199,Jennifer Ruggeri,22.8,1574.5,305,1402.2,162,1551.8,205,1462.2,1600.1,2026-06,207,-0.04
200,Heather Watson,34.0,1571.5,187,1547.6,262,1441.0,156,1505.3,1912.2,2014-06,491,-0.90
201,Olivia Gadecki,24.0,1568.8,192,1539.3,211,1489.7,194,1470.9,1767.5,2024-10,239,-0.17
202,Renata Jamrichova,18.2,1566.4,207,1514.3,182,1522.0,278,1411.2,1582.5,2025-09,393,-0.67
203,Anna Siskova,24.8,1565.8,196,1534.9,201,1501.8,310,1385.1,1581.5,2026-05,231,-0.13
204,Nao Hibino,31.5,1563.7,200,1525.0,203,1499.2,185,1480.8,1751.2,2015-09,247,-0.19
205,Joanna Garland,24.8,1560.6,178,1557.9,218,1485.2,199,1467.9,1703.0,2026-01,188,0.09
206,Sofia Costoulas,21.1,1560.0,168,1566.7,210,1490.1,258,1424.5,1632.1,2026-04,157,0.27
207,Mona Barthel,35.9,1559.9,194,1537.1,191,1511.7,295,1397.1,2000.1,2012-05,208,0
208,Carol Young Suh Lee,24.4,1558.0,180,1554.2,185,1518.2,170,1489.7,1709.1,2025-06,203,0.02
209,Lucie Havlickova,21.2,1557.6,183,1551.0,222,1481.1,180,1482.6,1665.1,2026-04,209,0
210,Marina Bassols Ribera,26.4,1557.3,232,1485.4,174,1537.8,204,1462.7,1675.3,2024-01,143,0.38
211,Elizara Yaneva,19.2,1555.3,182,1552.7,200,1502.9,209,1452.7,1661.3,2026-02,201,0.05
212,Katie Swan,27.2,1554.5,238,1477.4,282,1412.9,163,1498.1,1661.3,2022-10,196,0.08
213,En Shuo Liang,25.5,1553.8,181,1554.1,329,1360.8,166,1497.0,1621.7,2019-05,271,-0.24
214,Anna Lena Friedsam,32.3,1553.5,218,1506.4,190,1512.3,227,1438.8,1842.9,2016-05,218,-0.02
215,Erika Andreeva,21.9,1553.2,208,1513.6,199,1504.1,222,1443.7,1795.0,2024-03,238,-0.10
216,Iryna Shymanovich,28.9,1552.0,233,1485.2,188,1513.9,187,1480.3,1649.2,2023-08,216,0
217,Aoi Ito,22.0,1550.0,166,1568.7,409,1298.4,306,1387.6,1786.2,2024-12,228,-0.05
218,Lola Radivojevic,21.4,1547.9,245,1472.2,167,1546.9,157,1503.2,1674.4,2025-10,147,0.39
219,Anouk Koevermans,22.4,1547.4,188,1545.9,202,1500.6,273,1414.0,1669.6,2024-08,160,0.31
220,Federica Urgesi,21.3,1546.8,307,1400.8,177,1532.6,214,1448.4,1564.4,2026-06,294,-0.29
221,Hayu Kinoshita,19.6,1545.0,199,1530.8,353,1335.1,215,1447.5,1635.3,2026-05,227,-0.03
222,Aliona Falei,22.2,1542.4,191,1542.5,265,1430.9,216,1446.9,1644.3,2024-04,229,-0.03
223,Elizabeth Mandlik,25.0,1541.9,211,1510.7,225,1480.2,144,1521.0,1697.6,2023-07,165,0.30
224,Kajsa Rinaldo Persson,28.5,1541.5,263,1448.3,192,1510.7,323,1378.9,1568.7,2026-06,220,0.02
225,Zarina Diyas,32.2,1533.1,203,1521.2,223,1480.7,188,1478.6,1856.6,2015-02,437,-0.66
226,Savannah Broadus,23.7,1532.4,209,1512.8,259,1444.2,224,1441.2,1532.4,2026-06,463,-0.72
227,Julia Riera,24.0,1531.7,244,1472.8,197,1506.3,239,1432.6,1731.2,2024-05,182,0.22
228,Oceane Dodin,29.5,1531.0,213,1510.3,238,1462.2,210,1450.3,1827.7,2016-11,473,-0.73
229,Gabriela Andrea Knutson,29.1,1529.7,243,1473.2,298,1387.8,158,1502.9,1597.5,2024-07,198,0.15
230,Katarina Zavatska,26.2,1529.6,290,1417.1,189,1513.5,255,1426.6,1720.0,2019-11,255,-0.10
231,Amandine Monnot,24.3,1529.3,230,1488.3,263,1440.6,226,1439.6,1568.4,2026-04,319,-0.32
232,Carole Monnet,24.5,1528.4,273,1439.1,184,1519.1,320,1380.5,1581.6,2025-11,192,0.19
233,Julia Avdeeva,23.9,1527.9,223,1496.9,219,1483.6,268,1416.3,1654.7,2024-02,191,0.20
234,Zongyu Li,23.0,1527.5,206,1516.3,293,1395.1,228,1438.8,1527.5,2026-06,288,-0.21
235,Teodora Kostovic,18.9,1527.0,212,1510.4,193,1508.5,229,1438.5,1685.9,2025-10,184,0.24
236,Lisa Zaar,26.0,1526.7,311,1393.9,204,1498.9,230,1438.4,1564.3,2026-05,295,-0.22
237,Luisina Giovannini,19.6,1523.0,367,1342.3,195,1507.3,231,1436.5,1547.9,2026-05,166,0.36
238,Francisca Jorge,26.1,1522.1,214,1508.8,266,1430.8,201,1466.1,1569.7,2025-11,226,0.05
239,Lucrezia Stefanini,28.0,1521.7,224,1494.8,235,1465.7,171,1489.2,1650.2,2024-12,163,0.38
240,Yeon Woo Ku,23.2,1520.4,220,1500.9,327,1362.0,233,1435.2,1541.1,2026-01,172,0.33
241,Arantxa Rus,35.3,1518.4,219,1506.0,194,1508.3,274,1413.3,1774.5,2012-07,178,0.30
242,Ayla Aksu,29.9,1517.1,215,1507.6,273,1424.4,236,1433.5,1527.8,2026-06,221,0.09
243,Jazmin Ortenzi,24.5,1516.4,328,1377.9,209,1490.2,283,1404.8,1603.7,2026-05,158,0.43
244,Cadence Brace,21.2,1515.5,221,1497.9,414,1295.3,238,1432.7,1589.0,2025-10,217,0.12
245,Elena Pridankina,20.7,1514.8,239,1476.6,176,1532.7,350,1363.8,1658.2,2025-04,206,0.17
246,Sachia Vickery,31.0,1514.6,240,1476.2,198,1505.3,249,1428.2,1736.9,2018-04,624,-0.93
247,Alexandra Shubladze,20.7,1514.5,222,1497.0,323,1365.5,242,1432.2,1606.7,2026-04,186,0.28
248,Mika Stojsavljevic,17.4,1511.7,280,1432.0,319,1370.8,317,1382.3,1562.2,2026-06,276,-0.11
249,Astra Sharma,30.3,1511.5,251,1465.7,206,1496.0,221,1444.0,1708.0,2019-04,580,-0.85
250,Darya Astakhova,24.3,1511.3,264,1445.8,196,1506.6,291,1398.5,1642.7,2022-09,235,0.06
251,Clervie Ngounoue,19.8,1510.7,234,1484.2,272,1424.8,280,1408.8,1690.6,2025-08,320,-0.24
252,Caijsa Wilda Hennemann,25.2,1510.4,347,1359.1,224,1480.4,244,1430.2,1539.6,2026-06,251,0
253,Rada Zolotareva,17.6,1510.2,301,1405.9,227,1479.6,290,1399.6,1568.2,2026-04,404,-0.47
254,Emina Bektas,32.5,1509.5,235,1481.6,378,1314.9,202,1464.9,1692.4,2023-10,571,-0.81
255,Aliona Bolsova,28.4,1509.5,253,1458.9,214,1487.2,281,1407.7,1726.6,2019-05,329,-0.25
256,Alevtina Ibragimova,21.4,1507.9,249,1468.3,233,1472.3,247,1428.9,1554.0,2026-02,270,-0.05
257,Julieta Pareja,17.1,1505.8,260,1451.8,232,1473.3,251,1427.9,1619.7,2025-03,381,-0.39
258,Mia Ristic,20.0,1503.3,338,1365.6,228,1479.0,253,1426.7,1662.1,2023-11,267,-0.03
259,Viktoria Hruncakova,28.0,1502.2,246,1471.0,270,1427.3,219,1445.2,1890.8,2018-06,222,0.15
260,Katrina Scott,21.9,1501.7,259,1455.2,213,1488.0,334,1373.1,1696.9,2022-08,258,0.01
261,Xinyu Gao,28.5,1500.4,227,1490.6,248,1452.6,321,1379.5,1629.1,2026-03,259,0.01
262,Nuria Brancaccio,25.9,1499.4,388,1323.7,207,1493.6,328,1376.2,1642.1,2025-10,170,0.43
263,Anastasia Gasanova,27.0,1499.1,229,1488.3,255,1446.8,232,1435.6,1644.4,2022-01,210,0.23
264,Eva Guerrero Alvarez,26.6,1498.3,237,1479.0,279,1415.7,287,1402.1,1604.1,2026-02,278,-0.05
265,Tiantsoa Sarah Rakotomanga Rajaonah,20.4,1497.0,254,1458.0,245,1456.2,260,1423.5,1643.9,2025-09,177,0.40
266,Eva Vedder,26.5,1494.2,250,1465.8,244,1456.3,240,1432.6,1577.5,2025-08,205,0.26
267,Valentina Ryser,25.2,1493.6,248,1468.6,396,1304.2,145,1518.2,1638.5,2025-06,297,-0.11
268,Elena Ruxandra Bertea,20.1,1493.0,364,1345.6,230,1477.0,263,1421.5,1610.9,2026-04,269,0
269,Whitney Osuigwe,24.1,1492.9,258,1455.5,247,1452.9,376,1350.4,1799.0,2019-05,183,0.39
270,Destanee Aiava,25.6,1491.8,241,1474.5,288,1403.8,313,1383.9,1640.5,2025-02,528,-0.67
271,Hannah Klugman,17.3,1488.1,257,1456.0,303,1381.9,298,1394.2,1494.8,2026-06,412,-0.42
272,Alice Tubello,25.3,1486.5,356,1352.0,229,1478.9,266,1418.2,1553.2,2026-05,230,0.17
273,Chloe Paquet,31.9,1484.9,279,1434.4,237,1462.4,336,1372.1,1631.4,2024-08,317,-0.15
274,Samira De Stefano,21.9,1484.6,284,1424.0,320,1368.5,267,1417.3,1505.7,2026-04,293,-0.07
275,Jodie Burrage,27.0,1483.8,236,1480.6,340,1348.3,237,1433.0,1712.3,2023-07,645,-0.85
276,Laura Pigossi,31.8,1483.8,267,1444.6,241,1461.1,371,1353.1,1607.5,2024-06,241,0.14
277,Ekaterine Gorgodze,34.5,1483.7,271,1440.2,249,1452.3,256,1426.6,1609.9,2021-08,219,0.23
278,Lina Gjorcheska,31.8,1481.8,282,1430.8,250,1451.4,254,1426.7,1636.7,2017-04,223,0.22
279,Mariam Bolkvadze,28.4,1479.4,247,1469.3,407,1300.0,294,1397.2,1622.4,2021-09,539,-0.66
280,Fangran Tian,22.8,1478.4,252,1459.5,334,1354.2,271,1414.2,1605.5,2026-03,249,0.12
281,Arina Rodionova,36.1,1478.0,255,1457.7,309,1375.9,212,1450.2,1643.7,2017-07,398,-0.35
282,Alexis Blokhina,21.1,1476.3,261,1448.6,286,1409.4,275,1413.2,1509.6,2025-06,582,-0.72
283,Louisa Chirico,29.8,1475.7,293,1410.8,186,1515.9,324,1376.6,1812.7,2016-10,321,-0.13
284,Anastasia Zolotareva,24.3,1475.1,326,1380.4,234,1468.8,276,1412.6,1547.8,2026-04,237,0.18
285,Tara Wurth,23.6,1473.0,324,1381.8,257,1446.0,277,1411.5,1681.6,2022-07,418,-0.38
286,Mai Hontama,26.7,1472.9,275,1438.1,256,1446.7,316,1382.6,1687.6,2024-03,204,0.34
287,Xiaodi You,30.0,1470.5,228,1489.1,346,1343.7,369,1354.0,1531.4,2026-05,179,0.47
288,Jana Kovackova,15.9,1469.0,294,1410.7,290,1399.6,279,1409.5,1500.4,2026-06,553,-0.65
289,Vitalia Diatchenko,35.7,1466.0,268,1443.7,297,1390.1,262,1422.4,1829.9,2014-11,550,-0.64
290,Anastasiya Soboleva,22.1,1465.4,342,1362.2,243,1457.1,341,1368.8,1571.2,2025-05,290,0
291,Despina Papamichail,33.3,1464.1,309,1398.5,260,1443.3,241,1432.5,1551.5,2022-10,169,0.54
292,Ena Shibahara,28.1,1463.8,274,1438.4,236,1463.2,264,1420.8,1713.2,2024-11,401,-0.32
293,Silvia Ambrosio,28.9,1460.8,346,1359.5,253,1448.2,282,1405.4,1533.3,2023-06,325,-0.10
294,Alicia Dudeney,23.0,1459.9,296,1409.0,344,1345.0,315,1383.1,1491.1,2026-06,246,0.18
295,Martina Trevisan,32.6,1458.9,265,1445.2,252,1448.7,468,1302.0,1803.7,2022-05,402,-0.31
296,Lucie Nguyen Tan,23.0,1458.9,391,1320.3,268,1428.1,284,1404.5,1491.1,2022-06,443,-0.40
297,Ye Xin Ma,26.9,1457.6,266,1445.2,453,1254.9,309,1385.2,1605.5,2026-03,189,0.45
298,Arianne Hartono,29.6,1452.8,278,1435.5,310,1375.4,348,1364.6,1610.6,2024-02,333,-0.11
299,Lizette Cabrera,28.4,1452.8,289,1417.8,342,1347.4,235,1434.3,1588.0,2017-11,298,0
300,Camilla Rosatello,30.8,1450.8,333,1373.4,220,1483.5,393,1342.6,1569.5,2025-10,374,-0.22
301,Maria Lourdes Carle,26.3,1450.4,269,1442.5,269,1428.1,380,1349.4,1768.7,2024-05,234,0.25
302,Sada Nahimana,25.0,1450.0,379,1331.9,261,1442.4,288,1400.0,1554.7,2025-05,250,0.19
303,Xinxin Yao,22.6,1449.4,272,1439.6,384,1308.1,289,1399.7,1539.4,2025-01,289,0.05
304,Deborah Chiesa,30.0,1449.4,392,1319.5,242,1460.0,339,1370.9,1581.4,2018-05,378,-0.22
305,Mei Yamaguchi,26.9,1448.2,288,1420.4,377,1315.7,325,1376.4,1544.4,2025-02,254,0.18
306,Tessah Andrianjafitrimo,27.1,1446.7,295,1410.2,275,1421.1,344,1366.6,1550.6,2024-09,521,-0.53
307,Yasmine Kabbaj,22.3,1446.6,348,1356.9,277,1416.3,292,1398.3,1458.5,2026-06,275,0.11
308,Angela Fita Boluda,26.9,1445.5,423,1288.6,276,1419.9,293,1397.7,1561.8,2024-09,213,0.37
309,Selena Janicijevic,23.8,1444.5,349,1356.8,267,1428.3,269,1416.0,1576.3,2024-07,233,0.28
310,Ane Mintegi Del Olmo,22.6,1439.6,304,1402.8,287,1404.7,296,1394.8,1565.5,2026-04,257,0.19
311,Kayla Cross,21.2,1439.4,276,1436.3,313,1373.5,443,1321.3,1528.2,2026-02,197,0.46
312,Alessandra Mazzola,26.5,1439.0,376,1334.5,271,1426.7,297,1394.5,1514.5,2025-07,380,-0.20
313,Matilde Jorge,22.1,1436.6,277,1436.3,402,1301.5,299,1393.3,1519.0,2025-06,283,0.10
314,Kyoka Okamura,30.6,1434.8,319,1387.8,372,1322.3,186,1480.6,1537.8,2025-09,253,0.22
315,Amarissa Kiara Toth,23.3,1432.9,321,1385.5,278,1416.0,301,1391.5,1605.7,2025-06,361,-0.14
316,Caroline Uebelhoer,30.1,1432.0,352,1353.9,280,1415.0,302,1391.0,1519.2,2025-04,242,0.27
317,Vivian Wolff,27.6,1431.0,270,1441.2,366,1324.1,303,1390.5,1471.7,2026-05,256,0.21
318,Ella Mcdonald,20.8,1429.6,445,1264.1,375,1317.4,223,1441.6,1487.4,2025-06,536,-0.52
319,Amarni Banks,23.5,1423.1,316,1391.6,387,1306.7,305,1388.0,1555.1,2024-01,547,-0.54
320,Ekaterina Reyngold,25.0,1423.0,281,1431.1,325,1362.7,307,1386.5,1523.5,2025-10,413,-0.26
321,Margaux Rouvroy,25.2,1421.9,320,1387.2,306,1380.3,308,1385.9,1545.4,2023-05,342,-0.06
322,Haruka Kaji,31.7,1420.8,292,1411.8,351,1336.5,261,1423.0,1517.5,2025-03,287,0.12
323,Anastasia Kulikova,26.3,1419.2,303,1403.3,314,1372.6,343,1367.6,1667.1,2021-07,428,-0.28
324,Sijia Wei,22.4,1418.3,287,1423.0,419,1291.9,359,1358.5,1762.6,2025-01,392,-0.19
325,Mingge Xu,18.7,1418.3,323,1383.8,367,1324.1,396,1342.3,1566.3,2025-12,327,-0.01
326,Jule Niemeier,26.7,1418.2,286,1423.0,291,1398.3,246,1429.1,1867.6,2022-06,503,-0.43
327,Lidia Encheva,19.8,1418.1,341,1362.3,341,1348.2,312,1384.1,1460.3,2026-06,415,-0.24
328,Katherine Sebov,27.4,1417.9,300,1406.0,328,1361.9,340,1369.1,1701.7,2023-04,245,0.29
329,Angelina Voloshchuk,19.1,1417.5,297,1408.1,431,1280.1,314,1383.8,1429.9,2026-06,355,-0.08
330,Kathinka Von Deichmann,32.0,1414.6,291,1415.2,312,1373.9,352,1361.3,1625.3,2022-05,274,0.19
331,Amandine Hesse,33.4,1414.2,315,1391.9,322,1366.3,437,1323.6,1573.3,2015-09,436,-0.28
332,Varvara Panshina,20.3,1414.1,374,1339.5,239,1461.5,318,1382.0,1530.0,2026-04,359,-0.08
333,Maria Sara Popa,20.8,1412.0,432,1273.6,294,1394.7,319,1381.0,1461.0,2023-09,454,-0.31
334,Nuria Parrizas Diaz,34.8,1411.2,299,1406.1,285,1411.0,361,1358.3,1765.0,2022-02,567,-0.53
335,Lea Boskovic,26.7,1410.0,344,1360.7,292,1396.1,270,1414.9,1591.8,2024-08,352,-0.05
336,Elena Malygina,25.9,1408.7,308,1400.0,408,1298.4,208,1454.3,1470.1,2019-02,312,0.07
337,Julie Belgraver,23.8,1408.3,361,1347.3,302,1382.8,322,1379.1,1581.5,2025-06,382,-0.13
338,Julie Struplova,21.5,1402.9,384,1326.8,301,1386.1,326,1376.4,1507.3,2026-05,273,0.21
339,Zhibek Kulambayeva,26.2,1402.8,441,1267.1,296,1391.4,327,1376.4,1456.1,2026-04,450,-0.28
340,Tina Nadine Smith,23.6,1401.1,318,1388.2,324,1363.1,329,1375.5,1532.3,2025-02,389,-0.13
341,Martha Matoula,29.1,1400.5,375,1338.8,289,1400.0,211,1450.3,1571.3,2022-08,303,0.12
342,Irene Burillo Escorihuela,28.8,1400.0,382,1328.5,300,1386.8,394,1342.5,1537.0,2024-06,264,0.26
343,Gina Feistel,23.3,1399.9,413,1297.6,295,1392.9,330,1374.9,1557.9,2024-07,384,-0.11
344,Berfu Cengiz,26.6,1399.8,327,1378.8,305,1381.4,365,1355.2,1611.7,2024-06,390,-0.13
345,Nastasja Schunk,22.7,1398.9,358,1350.5,299,1386.9,245,1430.1,1675.1,2022-05,408,-0.17
346,Carol Zhao,30.9,1398.3,302,1404.5,397,1302.9,311,1384.6,1576.7,2017-11,427,-0.21
347,Anouck Vrancken Peeters,23.3,1398.0,314,1392.1,317,1371.4,470,1299.3,1550.4,2026-05,315,0.10
348,Malaika Rapolu,23.1,1397.5,322,1384.3,376,1316.2,332,1373.7,1526.4,2024-11,425,-0.20
349,Hiromi Abe,26.0,1395.2,330,1376.4,380,1312.6,335,1372.6,1499.2,2026-02,313,0.11
350,Monika Ekstrand,18.8,1393.8,329,1377.5,415,1294.9,337,1371.9,1524.6,2025-06,564,-0.48
351,Sofya Lansere,25.7,1393.5,298,1406.6,393,1304.7,338,1371.8,1503.5,2024-01,266,0.28
352,Sara Saito,19.6,1393.1,310,1394.8,347,1343.2,477,1294.0,1664.6,2024-07,280,0.23
353,Viktoria Morvayova,25.2,1393.0,331,1376.2,420,1290.0,286,1403.5,1441.9,2026-03,302,0.16
354,Sohyun Park,23.9,1391.1,325,1381.0,355,1334.2,218,1445.6,1536.6,2019-09,272,0.26
355,Ayana Akli,24.9,1390.9,306,1402.2,361,1329.9,397,1342.0,1559.9,2025-08,300,0.17
356,Miriam Bianca Bulgaru,27.6,1390.9,411,1298.3,332,1357.0,412,1332.8,1590.4,2024-09,248,0.36
357,Ylena In Albon,26.9,1388.9,401,1311.7,316,1371.4,355,1360.1,1591.7,2022-05,504,-0.34
358,Dalila Jakupovic,35.2,1388.2,334,1371.8,335,1352.6,418,1330.6,1762.6,2018-07,357,0
359,Yuriko Miyazaki,30.5,1388.2,335,1370.4,451,1256.5,367,1354.3,1629.1,2023-01,307,0.16
360,Sayaka Ishii,20.7,1387.4,317,1389.3,398,1302.9,417,1331.0,1577.3,2025-03,685,-0.64
361,Tessa Johanna Brockmann,20.5,1386.5,378,1332.9,360,1330.6,331,1374.1,1456.3,2026-04,277,0.26
362,Eryn Cayetano,25.1,1385.7,332,1373.7,447,1261.3,342,1367.9,1405.5,2026-02,323,0.11
363,Lea Ma,25.3,1383.6,337,1367.2,400,1301.9,391,1344.2,1448.1,2026-02,299,0.19
364,Su Jeong Jang,30.9,1383.6,351,1354.5,281,1414.0,411,1333.3,1643.8,2017-05,660,-0.60
365,Miho Kuramochi,27.7,1383.1,345,1360.3,388,1306.5,349,1364.4,1434.2,2024-01,396,-0.08
366,Yuki Naito,25.2,1382.4,312,1393.5,439,1271.4,405,1335.7,1525.0,2022-06,286,0.25
367,Eva Bennemann,18.5,1381.4,283,1428.0,444,1263.4,346,1365.7,1535.5,2025-11,324,0.12
368,Lina Glushko,26.3,1379.7,343,1361.6,357,1334.0,265,1419.3,1581.4,2019-02,519,-0.34
369,Ipek Oz,26.9,1377.4,360,1347.4,326,1362.4,413,1332.7,1563.9,2022-05,375,-0.02
370,Dalila Spiteri,29.1,1375.5,425,1287.9,311,1373.9,351,1362.8,1488.8,2023-07,291,0.24
371,Ekaterina Kazionova,27.4,1375.0,385,1325.1,330,1358.3,400,1341.6,1515.5,2025-07,395,-0.06
372,Gabriela Lee,30.6,1374.6,427,1280.0,307,1378.8,476,1295.0,1608.8,2022-05,502,-0.30
373,Barbora Palicova,22.2,1374.1,373,1339.9,318,1370.9,345,1365.8,1672.5,2022-11,311,0.18
374,Yidi Yang,26.4,1371.5,336,1367.6,425,1284.4,354,1360.8,1445.3,2026-03,337,0.10
375,Kristiana Sidorova,19.9,1370.1,353,1353.5,406,1300.1,356,1360.1,1462.0,2026-02,391,-0.04
376,Misaki Matsuda,27.7,1369.1,357,1350.7,333,1356.0,357,1359.5,1472.5,2022-08,376,0
377,Ena Koike,19.5,1367.8,362,1346.2,427,1283.1,358,1358.9,1416.2,2026-05,407,-0.08
378,Martina Capurro Taborda,28.3,1367.0,420,1290.3,338,1349.8,304,1390.5,1523.2,2023-11,262,0.37
379,Tatiana Pieri,27.2,1365.1,406,1305.3,348,1340.0,362,1357.6,1415.2,2025-09,422,-0.11
380,Mell Elizabeth Reasco Gonzalez,23.8,1362.9,285,1423.1,392,1304.7,243,1431.5,1440.8,2026-01,343,0.10
381,Usue Maitane Arconada,27.4,1361.6,355,1352.4,438,1271.4,398,1341.9,1669.8,2019-09,720,-0.64
382,Yufei Ren,20.1,1360.7,383,1328.3,337,1350.8,364,1355.4,1428.5,2024-05,314,0.20
383,Natsumi Kawaguchi,23.8,1359.8,368,1342.2,416,1294.9,436,1324.4,1517.4,2023-05,362,0.06
384,Sahaja Yamalapalli,25.5,1359.7,380,1330.5,449,1260.8,347,1364.7,1465.4,2026-01,328,0.16
385,Aneta Kladivova,26.0,1358.7,389,1323.5,339,1348.6,366,1354.4,1498.6,2024-08,524,-0.31
386,Sakura Hosogi,26.0,1358.2,366,1344.1,436,1274.3,368,1354.1,1403.0,2026-02,360,0.07
387,Justina Mikulskyte,30.3,1357.1,397,1315.3,321,1367.5,473,1297.3,1527.5,2022-05,243,0.47
388,Victoria Rodriguez,30.8,1356.9,371,1340.7,411,1297.8,370,1353.5,1470.7,2015-10,394,-0.02
389,Raluka Serban,28.9,1356.8,339,1365.5,352,1335.6,353,1361.2,1648.9,2022-04,301,0.26
390,Tena Lukas,31.0,1356.6,407,1304.9,345,1343.8,415,1331.5,1543.0,2018-07,453,-0.15
391,Noemi Basiletti,20.2,1356.2,474,1230.6,364,1327.4,372,1353.1,1457.9,2026-05,326,0.18
392,Carolyn Ansari,25.4,1355.9,370,1341.6,428,1282.8,373,1352.9,1477.4,2026-05,260,0.41
393,Hina Inoue,23.0,1355.3,377,1334.5,482,1221.4,385,1347.3,1550.8,2024-10,279,0.34
394,Momoko Kobori,27.8,1355.1,381,1328.7,486,1216.3,399,1341.8,1439.9,2018-05,338,0.15
395,Rositsa Dencheva,19.2,1354.9,372,1340.6,358,1332.4,374,1352.4,1454.0,2026-05,410,-0.04
396,Hanna Chang,28.2,1353.8,399,1314.2,308,1376.6,465,1303.8,1505.5,2025-04,330,0.18
397,Naiktha Bains,28.4,1353.6,359,1349.3,386,1307.2,515,1259.6,1427.3,2019-05,431,-0.08
398,Antonia Vergara Rivera,19.4,1351.4,419,1290.7,349,1338.2,375,1350.7,1395.9,2025-11,353,0.12
399,Alina Granwehr,22.9,1350.4,421,1290.2,363,1328.3,377,1350.2,1421.5,2026-04,340,0.16
400,Anja Stankovic,21.0,1349.8,422,1289.9,368,1323.9,378,1349.9,1400.2,2025-08,544,-0.31
401,Ranah Akua Stoiber,21.0,1349.3,386,1324.9,423,1287.5,446,1320.7,1450.1,2025-08,499,-0.22
402,Laura Mair,23.4,1349.2,439,1268.5,331,1357.0,379,1349.6,1424.3,2025-10,409,-0.02
403,Anastasia Tikhonova,25.3,1347.8,410,1302.2,373,1319.5,257,1425.5,1592.0,2022-03,261,0.43
404,Ayano Shimizu,28.1,1346.8,398,1314.7,471,1231.7,360,1358.5,1527.1,2018-07,483,-0.18
405,Katarina Kuzmova,24.8,1346.5,363,1345.8,499,1196.8,381,1348.3,1358.6,2026-06,281,0.37
406,Isabella Shinikova,34.6,1345.9,340,1364.5,459,1250.0,507,1270.8,1640.8,2019-10,367,0.10
407,Hibah Shaikh,23.7,1345.9,350,1354.7,430,1282.0,383,1348.0,1431.8,2026-02,308,0.28
408,Manon Leonard,25.3,1345.8,354,1352.5,508,1178.4,505,1271.1,1574.5,2024-03,296,0.32
409,Jia Jing Lu,36.5,1345.5,400,1313.4,371,1323.3,512,1263.3,1530.1,2021-01,371,0.10
410,Ana Sofia Sanchez,32.1,1344.5,402,1308.5,356,1334.2,386,1347.2,1487.1,2025-07,304,0.30
411,Sofia Rocchetti,23.2,1344.3,434,1272.6,359,1331.9,387,1347.1,1366.9,2025-11,566,-0.32
412,Ekaterina Maklakova,22.2,1343.3,395,1318.3,383,1309.9,388,1346.6,1496.6,2024-03,475,-0.14
413,Haley Giavara,25.6,1341.6,390,1322.1,455,1252.3,363,1356.0,1423.4,2023-07,331,0.22
414,Alice Rame,28.5,1341.2,517,1174.4,336,1351.4,389,1345.6,1596.5,2025-10,240,0.55
415,Anastasia Abbagnato,21.9,1339.3,424,1288.4,354,1334.4,390,1344.7,1447.4,2025-10,487,-0.16
416,Saki Imamura,23.6,1338.0,396,1318.1,426,1284.0,403,1336.0,1427.6,2025-10,537,-0.26
417,Mathilde Lollia,26.0,1336.1,459,1254.4,385,1308.1,392,1343.1,1472.7,2025-09,543,-0.26
418,Georgia Pedone,21.7,1335.6,513,1180.5,350,1337.1,406,1335.1,1563.8,2024-09,322,0.26
419,Jenny Lim,21.4,1334.9,430,1278.7,389,1306.3,395,1342.5,1477.7,2024-05,426,-0.02
420,Mina Hodzic,24.0,1332.0,369,1342.0,421,1289.5,439,1323.0,1534.3,2024-04,350,0.18
421,Diletta Cherubini,24.1,1330.3,462,1250.2,379,1314.9,401,1340.2,1417.6,2025-06,346,0.20
422,Jessica Pieri,29.1,1327.4,433,1272.7,365,1325.7,426,1328.2,1610.2,2021-05,284,0.40
423,Gabriela Ce,33.2,1323.7,457,1255.6,401,1301.7,457,1309.9,1517.0,2022-05,349,0.19
424,Carlota Martinez Cirez,25.2,1323.3,484,1219.8,390,1305.9,449,1317.7,1420.6,2025-07,369,0.14
425,Gina Marie Dittmann,23.7,1323.2,444,1264.3,369,1323.7,402,1336.6,1337.5,2026-06,438,-0.03
426,Jana Kolodynska,22.4,1322.7,394,1318.7,494,1201.2,472,1297.5,1443.8,2023-10,603,-0.35
427,Cagla Buyukakcay,36.7,1322.3,393,1318.7,394,1304.4,528,1225.5,1727.7,2016-05,368,0.15
428,Gergana Topalova,25.8,1322.3,519,1172.7,382,1310.1,433,1326.0,1455.2,2024-07,492,-0.14
429,Weronika Ewald,20.1,1322.0,429,1278.8,374,1317.5,404,1336.0,1428.5,2026-02,417,0.03
430,Wushuang Zheng,27.5,1319.7,404,1308.2,462,1245.9,407,1334.9,1518.4,2025-04,478,-0.11
431,Yujia Huang,23.5,1319.5,365,1344.7,504,1188.7,408,1334.8,1339.3,2026-06,435,-0.01
432,Tiphanie Fiquet,26.0,1319.1,408,1304.4,418,1294.1,409,1334.6,1449.7,2025-10,358,0.19
433,Zuzanna Pawlikowska,21.2,1318.7,387,1323.9,433,1275.9,410,1334.3,1487.4,2026-02,397,0.09
434,Laura Hietaranta,22.3,1314.5,450,1260.2,434,1275.0,414,1332.2,1395.4,2026-05,400,0.08
435,Lucia Cortez Llorca,25.9,1312.6,506,1195.9,343,1345.7,416,1331.3,1483.2,2024-08,497,-0.13
436,Vaishnavi Adkar,21.5,1310.9,416,1296.1,440,1270.5,419,1330.5,1383.7,2026-02,399,0.09
437,Eunhye Lee,26.0,1310.3,417,1293.9,441,1270.2,420,1330.2,1436.6,2025-11,366,0.18
438,Hong Yi Cody Wong,24.2,1309.9,442,1264.7,424,1285.9,421,1330.0,1398.7,2025-01,758,-0.55
439,Ilinca Dalina Amariei,23.8,1308.4,481,1224.0,412,1296.5,422,1329.2,1358.3,2024-01,529,-0.19
440,Carla Markus,19.7,1307.9,438,1268.9,410,1298.4,423,1328.9,1351.3,2026-01,465,-0.06
441,Daria Lodikova,29.4,1307.8,470,1234.1,403,1301.1,424,1328.9,1453.4,2024-10,531,-0.19
442,Rina Saigo,25.6,1307.2,418,1292.5,472,1229.7,435,1325.2,1407.3,2023-05,292,0.41
443,Nahia Berecoechea,21.9,1306.6,467,1241.8,417,1294.6,425,1328.3,1374.4,2026-02,440,0.01
444,Ekaterina Ovcharenko,25.3,1305.8,455,1256.7,405,1300.2,428,1327.9,1402.6,2025-09,500,-0.12
445,Elena Micic,21.9,1303.5,428,1279.5,468,1236.6,430,1326.7,1406.5,2025-01,334,0.29
446,Alicia Herrero Linana,27.4,1303.5,456,1255.8,413,1296.1,429,1326.8,1452.1,2025-10,385,0.15
447,Yasmine Mansouri,25.0,1302.9,412,1298.0,514,1166.1,431,1326.5,1399.3,2024-11,372,0.18
448,Martina Okalova,28.9,1302.5,405,1305.4,461,1247.4,432,1326.2,1504.3,2025-05,493,-0.10
449,Aurora Zantedeschi,25.5,1302.1,512,1181.7,404,1300.7,434,1326.0,1526.9,2025-03,364,0.21
450,Katy Dunne,31.3,1296.2,403,1308.4,475,1226.9,491,1281.2,1504.5,2019-06,575,-0.25
451,Lia Karatancheva,22.7,1296.2,471,1234.0,437,1272.4,438,1323.1,1478.0,2025-05,472,-0.05
452,Meiqi Guo,26.2,1295.7,461,1251.4,435,1274.5,440,1322.8,1346.6,2025-09,523,-0.15
453,Elina Nepliy,28.0,1293.1,446,1263.2,391,1305.1,441,1321.6,1369.6,2025-10,512,-0.12
454,Diana Martynov,25.1,1292.9,440,1267.3,442,1269.3,442,1321.4,1521.5,2024-10,447,0.02
455,Kira Pavlova,22.1,1292.7,448,1260.5,448,1261.3,444,1321.3,1394.5,2024-04,347,0.27
456,Carolina Alves,30.0,1292.0,426,1281.1,432,1277.0,503,1272.4,1582.2,2022-05,335,0.31
457,Andreea Prisacariu,26.3,1290.6,463,1248.4,446,1261.9,447,1320.3,1380.7,2022-05,429,0.06
458,Cristina Diaz Adrover,20.3,1290.4,487,1217.7,422,1289.0,448,1320.2,1359.0,2025-09,474,-0.03
459,Valentini Grammatikopoulou,29.3,1288.0,449,1260.4,399,1302.3,521,1249.3,1617.7,2018-04,495,-0.08
460,Astrid Lew Yan Foon,20.8,1285.3,435,1270.3,452,1255.5,450,1317.7,1438.9,2024-04,482,-0.05
461,Maria Kozyreva,27.0,1285.1,414,1297.5,458,1250.4,514,1260.4,1586.1,2024-03,630,-0.31
462,Denislava Glushkova,22.4,1284.7,313,1392.4,445,1262.2,300,1392.4,1441.2,2023-04,444,0.04
463,Sofia Elena Cabezas Dominguez,24.2,1283.1,409,1302.3,498,1197.0,452,1316.5,1416.1,2026-02,494,-0.06
464,Georgia Andreea Craciun,26.2,1283.1,510,1189.5,429,1282.6,451,1316.6,1414.9,2024-11,750,-0.48
465,Anna Sinclair Rogers,28.1,1282.6,437,1269.5,460,1249.3,427,1328.1,1432.3,2024-11,305,0.42
466,Riya Bhatia,28.0,1281.9,483,1221.9,456,1251.9,485,1286.8,1363.5,2025-09,785,-0.52
467,Rasheeda Mcadoo,30.9,1281.4,447,1260.6,485,1219.8,453,1315.7,1340.9,2026-02,506,-0.08
468,Emily Appleton,26.7,1279.9,475,1230.4,483,1220.5,474,1297.1,1437.9,2024-06,449,0.04
469,Martina Colmegna,29.4,1276.7,460,1253.3,443,1265.9,454,1313.3,1526.9,2023-01,370,0.24
470,Miriana Tona,31.3,1275.4,431,1275.5,457,1250.6,455,1312.7,1429.3,2024-04,383,0.20
471,Ariana Arseneault,23.9,1272.6,454,1259.4,480,1221.8,456,1311.3,1301.8,2026-06,421,0.11
472,Alice Robbe,25.9,1272.4,486,1217.8,362,1329.2,469,1300.5,1499.5,2023-10,823,-0.56
473,Urszula Radwanska,35.1,1271.4,465,1246.2,370,1323.4,461,1308.0,1885.0,2012-09,667,-0.34
474,Leonie Kung,24.9,1268.4,415,1297.5,476,1226.5,517,1256.0,1632.1,2021-03,724,-0.42
475,Ying Zhang,29.8,1268.3,453,1259.8,491,1204.7,458,1309.2,1289.7,2014-04,573,-0.19
476,Radka Zelnickova,23.0,1266.5,436,1270.0,512,1174.1,460,1308.2,1368.0,2025-11,484,-0.02
477,Maria Martinez Vaquero,24.3,1266.5,443,1264.4,487,1215.1,459,1308.2,1418.2,2025-08,430,0.10
478,Jiaqi Wang,24.1,1261.6,464,1246.8,473,1228.3,462,1305.8,1355.4,2025-09,432,0.10
479,Victoria Bosio,31.6,1260.6,491,1210.9,465,1240.5,463,1305.3,1487.2,2020-02,344,0.33
480,Julie Pastikova,18.0,1258.5,472,1232.1,450,1257.6,464,1304.2,1483.5,2024-06,555,-0.15
481,Lucija Ciric Bagaric,22.4,1257.1,494,1208.2,454,1252.5,493,1279.2,1540.7,2024-07,405,0.17
482,Weronika Falkowska,25.9,1254.8,452,1259.8,489,1213.5,467,1302.4,1411.9,2022-11,451,0.07
483,Peangtarn Plipuech,33.5,1254.6,458,1255.0,510,1175.7,497,1277.6,1452.6,2019-05,740,-0.43
484,Ankita Raina,33.3,1251.9,480,1225.0,381,1312.4,513,1262.6,1517.7,2018-04,618,-0.24
485,Alana Smith,26.5,1249.6,466,1243.7,522,1156.8,480,1292.7,1489.9,2024-11,406,0.18
486,Ksenia Zaytseva,21.6,1248.4,451,1260.1,484,1220.0,471,1299.2,1468.1,2023-12,584,-0.18
487,Priska Madelyn Nugroho,23.0,1246.4,473,1231.4,395,1304.3,333,1373.2,1559.9,2020-03,446,0.09
488,Eri Shimizu,27.9,1245.0,479,1225.9,466,1237.5,466,1303.6,1466.2,2024-09,365,0.29
489,Yelyzaveta Kotliar,19.3,1243.9,469,1236.9,479,1222.0,475,1296.9,1305.7,2025-10,445,0.09
490,Jasmijn Gimbrere,25.2,1241.4,477,1228.1,470,1232.4,518,1252.2,1371.5,2025-08,476,0.03
491,Madison Sieg,22.9,1237.0,478,1227.5,490,1206.6,478,1293.5,1336.0,2025-07,434,0.12
492,Nina Vargova,20.6,1237.0,492,1209.5,488,1214.2,479,1293.5,1333.2,2022-11,456,0.08
493,Amelia Rajecki,24.0,1235.0,496,1207.2,469,1232.5,527,1235.6,1468.1,2024-06,481,0.02
494,Emily Seibold,26.4,1233.2,500,1202.1,478,1222.2,481,1291.6,1338.0,2023-01,513,-0.04
495,Sara Cakarevic,29.2,1227.7,505,1197.2,464,1242.4,482,1288.8,1459.6,2024-10,598,-0.19
496,Han Shi,21.0,1226.1,476,1228.9,493,1202.3,494,1279.0,1657.2,2024-08,318,0.44
497,Antonia Schmidt,24.5,1225.8,489,1213.7,519,1162.6,483,1287.9,1393.6,2025-02,532,-0.07
498,Ayumi Koshiishi,25.2,1223.7,490,1213.3,474,1226.9,484,1286.9,1375.8,2024-10,690,-0.33
499,Vittoria Paganetti,19.9,1222.8,493,1208.7,500,1195.5,486,1286.4,1269.4,2026-03,423,0.17
500,Aneta Laboutkova,25.9,1220.4,511,1184.3,521,1158.6,487,1285.2,1326.4,2022-08,615,-0.21
501,Sarah Iliev,19.6,1218.6,485,1218.9,513,1170.2,488,1284.3,1414.8,2023-05,768,-0.43
502,Bianca Elena Barbulescu,,1216.0,482,1223.0,506,1183.1,489,1283.0,1368.5,2025-09,562,-0.11
503,Ana Candiotto,21.8,1212.9,501,1200.6,501,1192.4,490,1281.4,1274.3,2025-10,517,-0.03
504,Nicole Fossa Huergo,30.7,1209.6,503,1198.5,509,1176.4,492,1279.8,1453.7,2024-12,511,-0.01
505,Katerina Tsygourova,26.0,1206.8,497,1204.6,505,1186.4,495,1278.4,1272.5,2026-02,464,0.08
506,Ikumi Yamazaki,24.7,1206.4,504,1197.5,463,1244.1,496,1278.2,1493.3,2025-08,455,0.11
507,Jana Otzipka,21.3,1203.6,468,1240.5,527,1133.9,498,1276.8,1280.2,2025-04,534,-0.05
508,Isabella Maria Serban,20.2,1203.2,488,1215.2,511,1175.6,499,1276.6,1298.3,2026-05,507,0
509,Yaroslava Bartashevich,21.2,1203.0,521,1143.3,502,1192.0,500,1276.5,1499.9,2025-04,510,0
510,Katarina Jokic,27.9,1197.6,515,1175.5,517,1165.3,501,1273.8,1440.2,2022-01,460,0.10
511,Nika Radisic,26.2,1196.4,508,1192.8,495,1199.7,382,1348.2,1566.5,2021-07,688,-0.30
512,Briana Szabo,20.5,1195.0,498,1202.8,477,1224.1,384,1347.5,1437.6,2021-08,581,-0.13
513,Gabriella Da Silva Fick,25.7,1195.0,518,1174.0,497,1198.3,502,1272.5,1310.4,2025-11,674,-0.27
514,Victoria Hu,24.1,1194.8,509,1191.9,518,1164.4,504,1272.4,1478.5,2024-02,419,0.20
515,Sofia Shapatava,37.3,1192.1,514,1179.7,503,1191.7,526,1241.5,1540.0,2014-06,466,0.10
516,Lian Tran,23.2,1185.7,495,1207.9,515,1165.7,506,1271.0,1501.0,2025-02,786,-0.42
517,Marine Szostak,24.4,1184.1,520,1152.7,481,1221.8,508,1267.0,1285.4,2025-10,722,-0.33
518,Kristina Novak,25.7,1180.9,502,1199.2,528,1125.9,509,1265.4,1336.8,2025-10,731,-0.34
519,Valeriya Strakhova,31.0,1178.6,527,1108.3,496,1198.5,510,1264.3,1455.2,2025-03,548,-0.05
520,Verena Meliss,28.9,1178.4,516,1175.3,526,1135.2,511,1264.2,1239.0,2025-09,467,0.11
521,Victoria Allen,25.2,1174.7,507,1195.2,492,1202.4,533,1182.8,1301.8,2026-01,462,0.12
522,Sapfo Sakellaridi,23.2,1163.5,528,1098.7,516,1165.7,516,1256.7,1437.6,2023-07,441,0.17
523,Chengyiyi Yuan,25.7,1152.4,530,1070.0,467,1237.1,519,1251.2,1322.3,2016-10,515,0.02
524,Nadiia Kolb,33.2,1150.7,524,1134.4,525,1147.6,520,1250.3,1236.7,2026-02,831,-0.46
525,Alba Rey Garcia,23.9,1147.6,525,1132.4,524,1149.4,522,1248.8,1169.0,2024-08,628,-0.18
526,Demi Tran,25.3,1145.5,499,1202.8,530,1105.7,523,1247.8,1298.0,2024-07,647,-0.21
527,Ana Filipa Santos,30.2,1141.5,523,1140.0,507,1181.8,445,1320.8,1512.6,2019-02,929,-0.57
528,Mayuka Aikawa,27.9,1139.1,526,1113.0,523,1151.7,524,1244.5,1237.7,2025-09,570,-0.08
529,Ellie Schoppe,24.2,1138.1,522,1143.0,520,1159.8,525,1244.0,1340.4,2025-09,683,-0.26
530,Carmen Lopez Martinez,21.1,1096.3,529,1090.4,531,1089.9,529,1223.1,1213.5,2025-09,704,-0.28
531,Chenting Zhu,18.7,1082.0,531,1064.4,529,1125.5,530,1216.0,1205.2,2024-09,650,-0.20
532,Amy Zhu,31.6,1051.1,532,1060.3,532,1085.5,531,1200.6,1312.7,2019-09,702,-0.28
533,Sara Lanca,28.9,1019.6,533,1003.5,533,1077.3,532,1184.8,1187.1,2021-09,1155,-0.77
